the,22212
be,12280
of,11240
to,8961
a,8256
in,8130
and,6972
that,5524
it,3919
have,2852
for,2529
s,2353
they,2163
you,2125
i,2091
on,1753
by,1647
from,1579
but,1532
do,1518
with,1506
not,1476
so,1464
or,1390
this,1366
an,1249
can,1229
about,1216
at,1209
passage,1197
we,1187
student,1183
their,1135
what,1072
which,1060
well,981
mean,980
t,970
more,963
there,952
professor,949
one,927
some,908
water,825
use,824
make,812
all,785
than,777
other,769
when,762
like,752
paragraph,747
know,737
time,727
because,711
these,688
would,687
people,681
how,655
sentence,649
most,637
year,621
where,610
if,608
plant,601
change,593
could,592
animal,585
follow,577
now,557
out,555
them,544
get,538
word,528
specie,527
way,519
into,518
think,513
find,513
idea,509
just,498
important,479
up,473
accord,472
area,451
closest,448
look,440
why,439
first,427
also,426
no,426
then,426
part,424
very,423
new,423
between,421
right,414
many,414
take,409
form,405
need,401
may,398
only,395
much,393
work,390
different,388
class,380
choice,374
become,372
even,370
provide,367
will,366
see,365
go,364
increase,363
really,360
over,359
large,352
he,350
answer,346
rock,345
art,342
express,337
say,337
information,335
two,332
your,331
study,328
who,327
century,325
those,325
good,322
come,321
call,317
point,314
summary,313
period,312
earth,312
produce,311
population,308
best,306
leave,305
ice,302
food,300
thing,299
during,296
such,295
ok,291
same,291
show,288
long,287
example,287
land,280
question,277
live,274
before,269
don,266
grow,262
want,262
place,259
my,259
group,259
surface,257
lot,257
another,252
through,252
indicate,251
give,250
tree,249
number,248
state,248
lecture,247
below,247
move,246
listen,244
back,243
present,243
sound,240
cause,240
human,238
any,237
evidence,237
high,236
begin,236
might,236
early,235
actually,234
soil,234
paint,232
ve,232
help,231
develop,229
talk,228
great,226
occur,225
start,223
support,223
after,221
essential,220
ll,218
kind,218
three,217
development,217
each,216
child,216
play,215
me,215
build,213
type,213
heat,213
something,213
our,212
narrator,211
explain,211
problem,210
climate,209
around,209
result,206
too,206
let,205
light,204
system,204
bird,204
energy,203
theory,196
today,195
temperature,194
process,194
course,192
city,192
small,190
lead,190
sun,190
le,189
region,188
material,186
while,186
few,186
ago,185
oh,185
age,184
able,184
seem,183
here,183
activity,182
suggest,182
add,181
four,181
environment,181
interest,180
down,180
uh,179
both,179
end,178
ocean,176
his,176
um,176
community,175
create,175
color,175
author,175
world,175
write,174
power,174
fossil,173
little,172
often,172
she,172
probably,172
body,170
TRUE,170
element,169
should,169
still,168
forest,166
effect,166
d,165
history,164
direction,164
believe,163
life,163
since,162
lake,161
understand,161
river,161
planet,159
wind,159
research,158
yeah,156
ancient,156
re,156
major,156
roman,156
contain,156
growth,155
level,155
condition,155
day,155
mention,154
u,153
tpo,152
fact,151
complete,151
her,150
happen,150
include,150
square,150
try,150
fit,149
keep,149
film,149
enough,148
book,148
amount,147
organism,146
trade,146
particular,145
several,145
last,144
far,143
certain,143
flow,142
sea,142
tell,142
natural,141
however,141
read,141
design,140
own,140
select,140
m,140
once,140
source,140
million,139
yes,138
allow,138
term,138
later,137
remain,136
iron,136
production,136
artist,136
story,135
sure,135
worth,134
reason,134
employee,133
usually,133
music,132
though,131
base,131
layer,131
control,130
affect,130
possible,130
without,129
factor,129
impact,128
predator,128
record,127
behavior,127
seed,127
except,126
europe,126
grind,126
market,126
order,125
extinction,125
maybe,124
mass,124
movement,124
pretty,124
unite,123
away,123
conversation,122
hand,122
size,121
deer,121
glacier,121
south,120
nest,120
sit,120
require,119
crop,119
researcher,118
although,118
north,117
determine,117
social,117
within,116
gas,115
always,115
brief,115
better,115
belong,114
ability,114
didn,114
involve,114
island,114
along,113
next,113
open,113
scientist,112
cover,112
society,112
minor,111
space,111
bring,111
pattern,111
must,111
experience,111
introductory,110
steam,110
together,110
paper,110
view,110
reach,109
structure,109
desert,109
b,108
turn,108
green,108
event,108
modern,108
cloud,108
discover,107
difference,107
piece,107
language,107
cycle,107
until,106
case,106
america,106
off,106
remember,106
stone,106
old,104
late,104
sense,104
relationship,104
difficult,104
put,104
past,103
low,103
farm,103
among,103
depend,103
highlight,103
incorrect,103
every,102
common,102
describe,102
individual,102
memory,101
european,101
exist,101
relatively,100
continue,100
appear,100
shape,100
cave,100
young,100
farmer,99
hear,99
influence,99
rise,99
name,98
fish,98
hypothesis,98
survive,97
learn,97
technique,97
sometimes,96
reduce,96
tend,96
others,96
guess,96
mar,96
computer,95
whale,95
set,95
likely,95
hold,95
image,94
resource,94
formation,94
rate,93
american,93
rain,92
solar,92
table,92
dry,92
limit,92
warm,92
under,92
week,91
air,91
especially,91
supply,91
sediment,91
country,90
close,90
object,90
eat,90
star,90
generally,90
agriculture,90
center,90
earlier,90
relate,89
similar,89
chemical,89
almost,89
ask,89
short,89
greater,88
variety,88
product,88
consider,88
location,88
doesn,88
carbon,87
again,87
industry,87
sort,87
ship,87
habitat,87
lower,86
infer,86
carry,86
exactly,86
rather,86
spread,86
date,86
east,86
government,86
second,86
themselves,86
middle,85
purpose,85
longer,85
least,85
program,85
matter,85
dance,84
style,84
function,84
environmental,83
quite,83
figure,83
greek,83
mountain,83
feature,83
theater,82
lose,82
clock,82
local,82
larger,82
improve,82
field,81
fall,81
dinosaur,81
complex,81
yet,80
oil,80
c,80
near,80
phrase,79
physical,79
whole,79
teach,79
deposit,79
pacific,79
room,79
value,78
site,78
clear,78
house,78
force,78
hard,78
volcano,78
break,77
whether,77
winter,77
atmosphere,77
yawn,77
never,77
meteorite,77
quality,77
identify,76
eventually,76
evolve,76
benefit,76
northern,76
hunt,76
big,75
reflect,75
infant,75
meet,75
draw,75
role,75
various,74
thousand,74
character,74
establish,74
vary,74
argue,74
pro,74
claim,74
competition,74
librarian,74
lack,73
smaller,73
experiment,73
significant,73
groundwater,73
higher,73
breathe,73
snow,73
brain,73
model,73
worker,73
ecosystem,73
quickly,73
observe,72
project,72
flower,72
available,72
method,72
itself,71
economy,71
technology,71
general,71
travel,71
glass,71
primary,71
deep,71
parent,70
wood,70
range,70
hour,70
across,70
stream,70
compete,70
already,70
home,70
salt,70
family,70
upper,69
either,69
dioxide,69
hundred,69
male,69
teacher,68
school,68
characteristic,68
else,68
expect,68
single,68
statue,68
practice,68
cost,67
run,67
night,67
adult,67
evolution,67
explanation,67
introduce,67
wasn,67
demand,66
economic,66
refer,66
knowledge,65
anything,65
apply,65
biological,65
focus,65
grain,65
serve,65
africa,65
sell,64
western,64
recent,64
oxygen,64
toward,64
agricultural,64
religious,64
member,63
statement,63
skill,63
person,63
isn,63
biology,63
migration,63
above,63
compare,63
season,63
month,63
nature,63
percent,62
feed,62
marine,62
thus,62
measure,62
pottery,62
perhaps,62
britain,62
mediterranean,62
cool,62
remove,62
signal,62
discuss,61
charge,61
strong,61
mind,61
nutrient,61
line,61
represent,61
main,61
feel,61
southern,61
fill,61
head,61
cut,61
science,61
potential,60
easily,60
specific,60
business,60
surround,60
data,60
real,60
audience,60
eastern,60
detail,60
settlement,60
engine,60
west,60
decline,60
particularly,60
quantity,60
successful,59
copy,59
response,59
prevent,59
semester,59
ever,59
tool,59
basically,59
female,59
cold,59
discovery,59
freeze,59
horse,58
original,58
picture,58
replace,58
mark,58
mineral,58
global,58
volcanic,58
sleep,58
highly,57
note,57
ecological,57
primarily,57
pay,57
speed,57
expand,57
advantage,57
valley,57
approach,57
sign,57
mammal,57
cell,57
assume,56
composition,56
popular,56
terrestrial,56
aquifer,56
woman,56
white,56
distance,56
floor,56
instead,56
rub,56
display,56
special,56
advisor,56
third,56
root,56
surprise,55
continent,55
insect,55
current,55
egyptian,55
test,55
buy,55
metal,55
moon,55
attract,55
melt,55
blood,55
huge,55
spot,54
return,54
contribute,54
rapidly,54
couple,54
ant,54
throughout,54
presence,54
store,54
library,54
money,54
older,54
beg,54
wall,54
job,54
side,53
fire,53
anyway,53
rat,53
protect,53
raise,53
inside,53
maintain,53
effort,52
adapt,52
separate,52
stand,52
soon,52
instrument,52
savanna,52
degree,52
action,52
exchange,52
asia,52
political,52
density,52
aggressive,52
advance,52
red,52
meter,51
outside,51
plan,51
crater,51
origin,51
stop,51
coal,51
cretaceous,51
contrast,51
organic,51
property,51
plain,51
subject,51
civilization,50
concentration,50
everyone,50
adaptation,50
slow,50
simple,50
hot,50
law,50
fee,50
cattle,50
university,50
observation,50
eye,50
spend,50
further,49
native,49
prey,49
reveal,49
wouldn,49
everything,49
pressure,49
culture,49
bear,49
locate,49
periodic,49
therefore,49
slowly,49
migrate,49
associate,49
free,49
basic,48
plat,48
predict,48
decrease,48
recently,48
sample,48
opportunity,48
hare,48
rapid,48
advertise,48
nineteenth,48
swim,48
against,48
geologist,48
act,48
topic,48
shift,48
offer,48
hi,48
step,47
rainfall,47
climatic,47
check,47
international,47
visual,47
channel,47
absorb,47
stimulus,47
loss,47
vegetation,47
face,47
summer,46
drive,46
illustrate,46
typically,46
key,46
necessary,46
buck,46
simply,46
fine,46
iceberg,46
easy,46
discussion,46
emphasize,46
aren,46
extend,46
success,46
wild,46
import,46
active,45
recognize,45
challenge,45
particle,45
importance,45
someone,45
underground,45
combine,45
earliest,45
receive,45
wave,45
survival,45
unlike,45
colony,45
future,45
solid,45
construction,45
article,45
town,44
emotion,44
e,44
pass,44
collect,44
coral,44
self,44
prefer,44
situation,44
completely,44
bite,44
chance,44
scientific,44
drop,44
top,44
teotihuac��n,44
thank,44
rely,44
central,44
five,44
variation,44
dust,44
spice,44
regular,43
enter,43
grass,43
basin,43
account,43
half,43
list,43
astronomy,43
literature,43
familiar,43
transport,43
acid,43
price,43
certainly,43
photography,43
fuel,43
urban,43
company,43
glacial,42
architecture,42
waste,42
attention,42
screen,42
landscape,42
soft,42
coast,42
distribution,42
orbit,42
reservoir,42
imagine,42
plate,42
foot,42
relative,42
internal,42
deal,42
share,42
spartina,42
reflection,42
shrub,41
expose,41
spring,41
public,41
diversity,41
kilometer,41
speak,41
industrial,41
rural,41
egg,41
extreme,41
clearly,41
differ,41
propose,41
wide,41
generate,41
finally,41
dominate,40
behind,40
merchant,40
extinct,40
couldn,40
stay,40
efficient,40
frequently,40
sand,40
scholar,40
evolutionary,40
manager,40
department,40
machine,40
perform,40
enable,40
snake,40
track,40
minute,40
saw,40
suppose,40
decade,40
wonder,40
cultural,39
balance,39
escape,39
scale,39
aspect,39
mostly,39
addition,39
rule,39
expression,39
stability,39
lie,39
link,39
attempt,39
twentieth,39
consist,39
demonstrate,39
commercial,39
bacteria,39
sequence,39
imply,39
suitable,39
erosion,38
content,38
instance,38
preserve,38
muscle,38
report,38
clay,38
sunlight,38
village,38
climax,38
dominant,38
weight,38
phosphorus,38
whose,38
anyone,38
irrigation,38
england,38
drought,38
gene,38
tale,37
atlantic,37
extensive,37
gain,37
mechanical,37
bottom,37
australia,37
turtle,37
stage,37
gradually,37
reef,37
nothing,37
weather,37
volume,37
asteroid,37
directly,37
fast,36
easier,36
shell,36
position,36
daily,36
him,36
geologic,36
capacity,36
extremely,36
letter,36
destroy,36
engineer,36
bone,36
nestle,36
define,36
service,36
device,36
aggression,35
craft,35
decide,35
emerge,35
principle,35
factory,35
connection,35
thin,35
electric,35
nile,35
customer,35
per,35
motion,35
arise,35
marsh,35
radiation,35
wait,35
tail,35
scene,35
mine,35
warmer,35
miss,35
mill,35
yellow,35
stress,35
opinion,35
generation,35
send,35
l,35
effective,35
physic,35
win,35
prairie,35
credit,35
damage,35
solution,35
tissue,35
burn,34
due,34
innovation,34
largest,34
facial,34
interaction,34
john,34
encourage,34
mainly,34
additional,34
strike,34
section,34
full,34
comet,34
difficulty,34
performance,34
electricity,34
care,34
chinese,34
paleolithic,34
powerful,34
organization,34
wet,34
notice,34
flood,34
estimate,34
venetian,34
useful,34
occupy,34
invention,34
british,34
route,34
die,34
characterize,34
african,34
ecologist,34
fuller,34
expansion,34
sculpture,34
average,33
morning,33
hall,33
access,33
watch,33
transfer,33
english,33
communication,33
block,33
heavy,33
office,33
graduate,33
gather,33
archaeologist,33
reliable,33
obtain,33
host,33
traditional,33
mechanism,33
serious,33
bark,33
hunter,33
algae,33
apparently,33
eh,33
stratum,33
isolate,32
obvious,32
military,32
disappear,32
settle,32
mid,32
definitely,32
nearby,32
boundary,32
artistic,32
whereas,32
liquid,32
geothermal,32
analyze,32
issue,32
vessel,32
hide,32
abundant,32
avoid,32
unusual,32
decision,32
dutch,32
map,32
solve,32
succession,32
dark,32
connect,32
mix,32
love,32
haven,32
french,32
round,32
ceramic,31
prove,31
previously,31
academic,31
technical,31
painter,31
garden,31
selection,31
canal,31
inhabitant,31
visible,31
fewer,31
expensive,31
standard,31
respond,31
fruit,31
rice,31
piano,31
smith,31
sophisticate,31
category,31
wetland,31
belief,31
sahara,30
sky,30
shallow,30
emotional,30
waterpower,30
famous,30
divide,30
normal,30
closely,30
mile,30
favor,30
poor,30
competitor,30
stable,30
phenomenon,30
equipment,30
pas,30
stuff,30
stu,30
agree,30
uruk,30
weren,30
text,30
arrive,30
concept,30
rest,30
stem,30
musical,30
reproduce,30
newspaper,30
copper,30
consequence,30
fight,30
schedule,30
normally,30
rich,30
geological,29
whatever,29
dna,29
vast,29
blue,29
largely,29
unique,29
cambrian,29
valuable,29
pump,29
oak,29
transportation,29
specialize,29
widely,29
musician,29
entire,29
thick,29
depth,29
na,29
greenhouse,29
responsible,29
tie,29
opera,29
song,29
medieval,29
zone,29
nectar,29
significantly,29
lightning,28
master,28
colonization,28
conduct,28
concern,28
greatly,28
assign,28
distribute,28
overall,28
analysis,28
click,28
rhythm,28
substance,28
crystal,28
drift,28
possibility,28
hawaii,28
massive,28
doubt,28
italian,28
series,28
review,28
continental,28
wrong,28
accept,28
annual,28
skin,28
colonize,28
martian,28
shelf,28
pleistocene,28
ten,28
release,27
beaver,27
labor,27
accumulate,27
choose,27
indeed,27
party,27
numerous,27
reptile,27
total,27
background,27
taste,27
detect,27
appeal,27
elite,27
fail,27
portrait,27
push,27
six,27
stag,27
bed,27
whig,27
folk,27
campus,27
final,27
soldier,27
transform,27
closer,27
leatherback,27
availability,27
task,27
cognitive,27
tectonic,27
cotton,27
movie,27
enormous,27
director,27
habit,27
rome,27
direct,27
height,27
herd,27
bank,27
black,26
dramatic,26
hope,26
beyond,26
parchment,26
length,26
contact,26
china,26
symbol,26
save,26
band,26
description,26
nearly,26
dolphin,26
men,26
carve,26
assignment,26
autobiographical,26
enjoy,26
mexico,26
millennium,26
bat,26
core,26
sale,26
pioneer,26
practical,26
jovian,26
upon,26
organize,26
recall,26
concentrate,26
appropriate,26
archaeological,26
status,26
atomic,26
suddenly,26
slightly,26
lay,26
drill,26
distinguish,26
faster,26
enzyme,26
tropical,26
technological,26
radio,26
revolution,26
appearance,26
faculty,25
shop,25
war,25
pore,25
unable,25
toxic,25
wealth,25
netherlands,25
discus,25
phase,25
commonly,25
realize,25
eighteenth,25
storage,25
walk,25
advertisement,25
bad,25
invent,25
geology,25
coastal,25
cultivate,25
kill,25
tiny,25
obviously,25
france,25
examine,25
message,25
association,25
tulip,25
guitar,25
reaction,25
ritual,25
increasingly,25
requirement,25
drain,25
breed,25
domesticate,25
timberline,25
flat,25
empire,25
seawater,25
game,25
originate,24
constantly,24
pull,24
fully,24
evaporation,24
concert,24
navigate,24
gravity,24
match,24
retain,24
overcome,24
empty,24
poetry,24
biologist,24
skeleton,24
psychology,24
egypt,24
wear,24
alternative,24
edge,24
fort,24
search,24
medium,24
trace,24
introduction,24
box,24
sorry,24
leg,24
positive,24
correctly,24
genetic,24
capable,24
dog,24
prepare,24
raw,24
positively,24
adopt,24
venus,24
snowshoe,24
operate,24
neighbor,24
narrow,24
rare,23
frequency,23
frequent,23
construct,23
risk,23
obsidian,23
explosion,23
street,23
beneath,23
document,23
engage,23
farther,23
nitrogen,23
favorable,23
significance,23
promote,23
nebula,23
unless,23
cue,23
finish,23
similarity,23
dependent,23
touch,23
permanent,23
unit,23
club,23
alone,23
conflict,23
niche,23
wheel,23
creature,23
leader,23
visit,23
precise,23
limestone,23
argument,23
australian,23
distant,23
elevation,23
clements,23
pastoralism,23
transition,23
architectural,23
extent,23
extrafloral,23
fix,23
bronze,23
progress,23
manufacture,23
ogallala,23
subpopulation,22
proportion,22
ah,22
seventeenth,22
bury,22
crisis,22
actual,22
rout,22
waterwheel,22
repeat,22
successfully,22
alter,22
archaeology,22
reject,22
virtually,22
venom,22
residence,22
perspective,22
necessarily,22
ecology,22
relation,22
perceive,22
inner,22
print,22
health,22
abundance,22
catch,22
billion,22
aware,22
depict,22
rarely,22
paris,22
formal,22
secondary,22
regional,22
electrical,22
sheet,22
clovis,22
fair,22
sail,22
inhabit,22
crocodile,22
poem,22
antarctica,22
frog,22
naturally,22
eliminate,22
artisan,22
petroleum,22
register,22
exact,22
desire,22
smooth,21
amaze,21
dramatically,21
k,21
distinct,21
recycle,21
herbivore,21
perfect,21
excite,21
starfish,21
front,21
network,21
manage,21
childhood,21
press,21
dissolve,21
immediately,21
era,21
tension,21
isthmus,21
photosynthesis,21
grave,21
strength,21
opposite,21
afford,21
transformation,21
engrave,21
external,21
exhibit,21
negative,21
interpretation,21
originally,21
education,21
conclude,21
ton,21
carefully,21
pyramid,21
constant,21
enhance,21
recover,21
handle,21
context,21
underwater,21
mirror,21
clean,21
fairly,21
existence,21
zinc,21
preschool,21
astronomer,21
adjust,21
extra,21
rabbit,21
branch,21
weak,21
confuse,21
classical,21
profit,21
tradition,21
window,21
trip,21
speciation,21
reality,21
crack,21
pair,21
considerable,21
contemporary,21
regard,21
peninsula,21
epoch,21
resistance,20
friend,20
prediction,20
reproduction,20
switch,20
turbine,20
chapter,20
apart,20
ideal,20
calendar,20
barrier,20
okay,20
cereal,20
pollinator,20
northwest,20
specifically,20
hydrogen,20
independent,20
occasionally,20
pot,20
greece,20
opportunist,20
bright,20
deeper,20
mother,20
disperse,20
train,20
fracture,20
historical,20
consistent,20
cetacean,20
chain,20
essentially,20
forget,20
fantasy,20
remarkable,20
seven,20
immediate,20
dancer,20
perception,20
shouldn,20
consumer,20
suit,20
publish,20
unlikely,20
jupiter,20
homeland,20
renaissance,20
respect,20
calcium,20
convince,19
mouth,19
darwin,19
combination,19
owner,19
philosophy,19
relevant,19
alaska,19
absence,19
yield,19
shield,19
thesis,19
baby,19
basis,19
birch,19
vegetable,19
marmot,19
double,19
fiber,19
attack,19
officer,19
freshwater,19
journal,19
sauropod,19
democrat,19
wolf,19
bind,19
absolutely,19
severe,19
amnesia,19
attribute,19
trouble,19
attitude,19
volunteer,19
jazz,19
previous,19
hill,19
porosity,19
geometric,19
venomous,19
correct,19
prior,19
exploit,19
bill,19
mendeleyev,19
paleontologist,19
gap,19
comparison,19
galley,19
spectrum,19
velocity,19
trap,19
church,19
pose,19
video,19
organ,19
non,19
violin,19
banana,19
cage,19
maya,19
portray,19
calculate,19
italy,19
sandstone,19
explore,19
wing,19
personal,19
diverse,19
besides,19
division,19
apparent,19
improvement,19
dense,19
desertification,19
spectroscopy,19
investment,19
ancestor,19
negatively,18
reward,18
orient,18
national,18
drag,18
inspire,18
circumstance,18
johnson,18
diameter,18
uranium,18
pollen,18
parasite,18
seafloor,18
debate,18
oldest,18
exercise,18
regulate,18
fertile,18
skilled,18
accurate,18
mall,18
projection,18
strategy,18
gon,18
botai,18
variability,18
compose,18
treat,18
mantle,18
allende,18
team,18
interpret,18
station,18
cooler,18
sunspot,18
reader,18
export,18
secretary,18
bigger,18
equator,18
float,18
outline,18
destructive,18
retreat,18
physiological,18
episode,18
emergence,18
storm,18
plus,18
oppose,18
composer,18
cooperation,18
harder,18
despite,18
distinctive,18
echo,18
expert,18
writer,18
seek,18
thrive,18
path,18
extract,18
hop,18
join,18
ready,18
protein,18
stretch,18
latitude,18
eric,18
battle,18
collection,18
distraction,18
wheat,18
realistic,17
widespread,17
hmm,17
huh,17
aesthetic,17
undergo,17
california,17
sixteenth,17
defend,17
acquire,17
conclusion,17
archimedes,17
offspring,17
steel,17
cylinder,17
abandon,17
achieve,17
stimulate,17
fund,17
kinetoscope,17
attend,17
slide,17
scrap,17
circle,17
policy,17
fluctuation,17
dream,17
management,17
atmospheric,17
investigate,17
convert,17
venice,17
molecule,17
assist,17
cultivation,17
administrative,17
migratory,17
critic,17
psychologist,17
countryside,17
reserve,17
beautiful,17
twenty,17
army,17
modify,17
random,17
version,17
girl,17
roll,17
tendency,17
sink,17
sudden,17
aid,17
potato,17
peasant,17
hawaiian,17
impress,17
architect,17
textbook,17
sufficient,17
elsewhere,17
warbler,17
harvest,17
lab,17
clerk,17
spore,17
interact,17
beach,17
fly,17
railroad,17
precisely,17
william,17
maxim,17
iridium,17
moth,17
fresh,17
continuous,17
silt,17
glaciation,17
productivity,17
permit,17
script,17
classify,17
goal,17
ratio,17
admission,17
mystery,17
wavelength,16
wow,16
portion,16
lung,16
giant,16
objective,16
cod,16
onto,16
anywhere,16
fairy,16
productive,16
pick,16
hole,16
hum,16
furthermore,16
microscopic,16
creative,16
decorative,16
destruction,16
stronger,16
approximately,16
milk,16
forth,16
gradual,16
younger,16
shelter,16
complicate,16
crust,16
pollution,16
reverberation,16
erode,16
pellet,16
reflective,16
communicate,16
vision,16
forage,16
possibly,16
octopus,16
ordinary,16
authority,16
chondrule,16
polar,16
entirely,16
temperate,16
fault,16
russia,16
yourself,16
feedback,16
king,16
agreement,16
pedodiversity,16
flourish,16
canoe,16
output,16
critical,16
accurately,16
puzzle,16
sing,16
mental,16
surplus,16
classroom,16
dynasty,16
somehow,16
somewhat,16
tall,16
exception,16
intense,16
protection,16
efficiency,16
monkey,16
resist,16
pebble,16
shortage,16
watt,16
borrow,16
typical,16
yucatan,16
page,16
corn,16
excuse,16
shade,15
mature,15
pure,15
westward,15
telescope,15
quarter,15
pastoralist,15
thirteenth,15
chromosome,15
hemisphere,15
penetrate,15
moisture,15
career,15
man,15
maker,15
settler,15
eruption,15
collision,15
latin,15
lava,15
moral,15
scatter,15
presentation,15
mislead,15
professional,15
palimpsest,15
theme,15
spain,15
happiness,15
seal,15
cease,15
scarce,15
charcoal,15
death,15
alvarez,15
digest,15
methane,15
nor,15
seasonal,15
flexible,15
encode,15
truly,15
trail,15
compact,15
bore,15
shorter,15
equal,15
beetle,15
diet,15
indicator,15
strange,15
livestock,15
sulfide,15
ridge,15
accompany,15
permeability,15
operation,15
employ,15
happy,15
comparatively,15
rail,15
grassland,15
road,15
preference,15
succeed,15
birth,15
flipper,15
substantial,15
intensity,15
kramer,15
mayan,15
muscular,15
bowl,15
equally,15
fear,15
mammoth,15
painlev��,15
replicate,15
hieroglyph,15
coat,15
greatest,15
careful,15
differently,15
elephant,15
bit,15
multiple,15
exam,15
counselor,15
danger,15
prehistoric,15
arch,15
pigment,15
interior,15
conventional,15
hypothesize,15
derive,15
gleason,15
component,15
stain,14
tundra,14
proof,14
private,14
count,14
hero,14
court,14
highest,14
capture,14
porcelain,14
precipitation,14
reduction,14
amphora,14
parlor,14
resistant,14
quartz,14
functional,14
bridge,14
amino,14
outer,14
trend,14
grant,14
boat,14
pole,14
tuna,14
hit,14
fern,14
drama,14
inclusion,14
unknown,14
otherwise,14
neither,14
confirm,14
nrem,14
celebrity,14
till,14
theatrical,14
discipline,14
bottle,14
endure,14
thirty,14
efficiently,14
performer,14
dig,14
psychological,14
zealand,14
container,14
resemble,14
sailor,14
math,14
verbal,14
motif,14
decay,14
totally,14
indirect,14
noise,14
broad,14
capital,14
acorn,14
orange,14
artificial,14
toy,14
ramp,14
territory,14
fat,14
interfere,14
unfortunately,14
blow,14
gazelle,14
predictable,14
museum,14
purchase,14
regularly,14
fourth,14
conservation,14
neel,14
islamic,14
variable,14
siam,14
imagination,14
countercurrent,14
financial,14
florida,14
spanish,14
worry,14
truth,14
boy,14
accumulation,14
debris,14
dead,14
currently,14
domestic,14
infantile,14
none,14
fascinate,14
universe,14
southeast,14
ambulocetus,14
aluminum,13
twelfth,13
slower,13
loose,13
camera,13
seriously,13
loud,13
glad,13
plot,13
disturbance,13
kingdom,13
moreover,13
mud,13
lascaux,13
majority,13
gravel,13
highland,13
linguistics,13
assumption,13
universal,13
comment,13
plastic,13
invasion,13
option,13
emperor,13
folktale,13
survey,13
honor,13
seepage,13
attractive,13
ad,13
o,13
throw,13
angle,13
peak,13
stencil,13
lowland,13
wash,13
n,13
sedimentary,13
withstand,13
meme,13
structural,13
panaramitee,13
drink,13
promise,13
instrumental,13
electron,13
evaluate,13
crucial,13
hence,13
refine,13
historian,13
disadvantage,13
jam,13
distinction,13
wildebeest,13
wildman,13
colleague,13
input,13
ore,13
everyday,13
delay,13
initially,13
runoff,13
producer,13
interglacial,13
feather,13
guild,13
god,13
intermediate,13
independently,13
beauty,13
lowest,13
chamber,13
tropic,13
breakfast,13
intellectual,13
illusion,13
roughly,13
fifth,13
germinate,13
hungry,13
convey,13
myth,13
meat,13
corridor,13
tube,13
duncan,13
plenty,13
responsibility,13
govern,13
twist,13
brown,13
heart,13
machinery,13
navigation,13
texture,13
tomorrow,13
acoustic,13
wooden,13
sugar,13
dangerous,13
reverse,13
president,13
symbiotic,13
usual,13
application,13
pueblo,13
linguistic,13
ir,13
manuscript,13
islander,13
correspond,12
stomach,12
artifact,12
paul,12
bob,12
journalism,12
intend,12
harsh,12
occurrence,12
norm,12
threat,12
nice,12
gypsum,12
behave,12
spectral,12
snail,12
ingredient,12
clue,12
wider,12
shipbuilding,12
revise,12
weigh,12
competitive,12
biodiversity,12
arid,12
moment,12
aboriginal,12
industrialization,12
vital,12
cape,12
transmit,12
attach,12
gift,12
edison,12
evaporate,12
arm,12
centralize,12
pastoralists,12
metabolic,12
indian,12
york,12
turkey,12
irregular,12
receptionist,12
format,12
anaerobic,12
motor,12
wan,12
trial,12
subsequent,12
steady,12
dwell,12
post,12
surprisingly,12
fluctuate,12
vulnerable,12
experimental,12
justify,12
impulse,12
ballet,12
wealthy,12
impressive,12
reclamation,12
chemistry,12
warn,12
flight,12
plow,12
microorganism,12
secrete,12
equilibrium,12
himself,12
healthy,12
straight,12
traffic,12
x,12
shelve,12
david,12
depression,12
mesozoic,12
albedo,12
phone,12
maintenance,12
effectively,12
shale,12
safe,12
bubble,12
moose,12
mouse,12
commerce,12
beau,12
bug,12
principal,12
partly,12
everybody,12
aggressively,12
logical,12
vent,12
limitation,12
considerably,12
definition,12
lady,12
contribution,12
chanson,12
grade,12
altitude,12
strip,12
thomas,12
invest,12
pakicetus,12
dollar,12
nectary,12
indo,12
ceremony,12
washington,12
stick,12
gatherer,12
intensify,12
cross,12
genetically,12
sweden,12
budget,12
continuously,12
gear,12
consume,12
unusually,12
meteor,12
complexity,12
foreign,12
neolithic,12
porous,12
zebra,12
samantha,12
reproductive,12
loan,12
address,12
aim,12
economics,12
forehead,12
proceed,12
suck,12
luck,12
fragment,12
basilosaurus,12
saturate,12
plentiful,12
cheap,12
sustain,12
foundation,12
hureyra,11
bounce,11
canada,11
quick,11
optical,11
puget,11
primitive,11
stingless,11
pedestrian,11
elaborate,11
request,11
profound,11
orchestra,11
stock,11
fundamental,11
dome,11
advertiser,11
educational,11
abu,11
code,11
southwestern,11
dispersal,11
friday,11
crustal,11
lunar,11
presumably,11
frontier,11
sandy,11
notothenioids,11
entertainment,11
incorporate,11
digestion,11
uniform,11
college,11
realism,11
somewhere,11
recharge,11
card,11
magical,11
bookstore,11
reconstruct,11
initial,11
physically,11
cast,11
senior,11
transcript,11
supernatural,11
aristotle,11
react,11
heavily,11
decoration,11
compound,11
nobody,11
threaten,11
tone,11
title,11
exclude,11
mobile,11
ring,11
emit,11
secure,11
excellent,11
chinampas,11
violent,11
aps,11
southward,11
spear,11
fluid,11
rem,11
impression,11
software,11
sight,11
target,11
religion,11
impossible,11
lichen,11
jellyfish,11
smell,11
wilson,11
gold,11
anthropology,11
alligator,11
cordgrass,11
p,11
erie,11
corner,11
essay,11
mesa,11
weapon,11
rite,11
representation,11
geography,11
mild,11
occupation,11
disturb,11
hemp,11
verde,11
hasn,11
pace,11
temple,11
injury,11
forward,11
mistake,11
scandinavia,11
manila,11
lord,11
developmental,11
graze,11
specialization,11
denser,11
ink,11
strait,11
collapse,11
appreciate,11
isotope,11
populate,11
denmark,11
adulthood,11
carbonate,11
expedition,11
fun,11
colder,11
invertebrate,11
india,11
score,11
pool,11
rough,11
failure,10
illuminate,10
influential,10
mysterious,10
masurium,10
citizen,10
news,10
boom,10
megafauna,10
blend,10
cry,10
snowfall,10
creation,10
crystalline,10
magnetic,10
speech,10
imitate,10
norwegian,10
earthenware,10
string,10
microclimates,10
thereby,10
ash,10
predation,10
enlarge,10
hadn,10
outflow,10
scent,10
northeast,10
laborer,10
lynx,10
exceptional,10
recruit,10
orientation,10
profitable,10
initiate,10
busy,10
strongly,10
reference,10
proxy,10
underlie,10
fell,10
arrange,10
rocky,10
favorite,10
maximum,10
investigation,10
clump,10
gallery,10
hardly,10
interview,10
mat,10
roof,10
telomere,10
insulate,10
row,10
afraid,10
exaggerate,10
excavate,10
farmland,10
income,10
split,10
mbwa,10
chauvet,10
admire,10
allopatric,10
nonaggressive,10
frantzen,10
harm,10
nine,10
germany,10
pre,10
appalachian,10
baleen,10
ahead,10
motivate,10
hire,10
sulfur,10
fur,10
fertility,10
afternoon,10
southwest,10
invade,10
cinema,10
felt,10
devise,10
diatom,10
bare,10
replacement,10
consequently,10
conserve,10
loudly,10
gypsy,10
intervention,10
nerve,10
item,10
twinkle,10
drier,10
diaphragm,10
beneficial,10
separation,10
loutherbourg,10
arrangement,10
motivation,10
adaptive,10
readiness,10
adjacent,10
rainwater,10
wish,10
setting,10
superior,10
systematic,10
stoneware,10
reliance,10
coordinate,10
cache,10
diagram,10
official,10
romantic,10
nation,10
hydroponics,10
biggest,10
burst,10
proton,10
tap,10
uncertainty,10
studio,10
neonate,10
bloom,10
trigger,10
descend,10
skull,10
bulb,10
deficient,10
soup,10
knight,10
car,10
expense,10
deform,10
television,10
punctuate,10
household,10
restore,10
worse,10
blind,10
dynamic,10
privilege,10
arctic,10
centimeter,10
gradualism,10
integrate,10
ruler,10
fungi,10
antikythera,10
la,9
randomly,9
agency,9
percentage,9
database,9
saharan,9
spell,9
wherever,9
ejecta,9
millimeter,9
storyteller,9
laboratory,9
editor,9
agent,9
primate,9
irwin,9
latter,9
soak,9
ramsay,9
strict,9
sociologist,9
anthropologist,9
sharp,9
polynesian,9
joyce,9
dominance,9
intrigue,9
hubbell,9
facilitate,9
geocentric,9
symbolic,9
distract,9
breath,9
semiarid,9
patron,9
province,9
perennial,9
metallic,9
mimic,9
grandmother,9
spiral,9
sulfuric,9
fauna,9
eight,9
guide,9
herder,9
entrance,9
cremonese,9
dorm,9
galaxy,9
drastically,9
workshop,9
goethe,9
drainage,9
resident,9
fore,9
sketch,9
challenger,9
possess,9
worm,9
continually,9
yesterday,9
enclose,9
condense,9
interval,9
bond,9
timber,9
properly,9
songbird,9
administration,9
pr,9
communal,9
unchanged,9
nevertheless,9
slight,9
accelerate,9
circulation,9
meyer,9
sharply,9
alive,9
harmful,9
potentially,9
novel,9
thicker,9
extraordinary,9
behavioral,9
intro,9
circular,9
northeastern,9
span,9
japanese,9
rigid,9
enrich,9
amery,9
chondrite,9
mail,9
zircon,9
pine,9
furnace,9
ontario,9
canyon,9
textile,9
abroad,9
classic,9
excavation,9
helium,9
guarantee,9
cook,9
dweller,9
retrieve,9
distort,9
criticize,9
mate,9
twice,9
segment,9
aquatic,9
orleans,9
palace,9
lane,9
similarly,9
voyage,9
chew,9
achievement,9
cadmium,9
exploration,9
upward,9
cancel,9
bull,9
sake,9
preschooler,9
cousteau,9
automatic,9
internship,9
voice,9
clam,9
calcite,9
load,9
meaningful,9
struggle,9
fertilizer,9
domestication,9
exposure,9
ray,9
briefly,9
millet,9
notion,9
daly,9
seat,9
slop,9
vertical,9
inland,9
shadow,9
cargo,9
weekend,9
diminish,9
plato,9
brighter,9
miniature,9
ensure,9
reasonable,9
cable,9
awareness,9
tom,9
slip,9
apprentice,9
insert,9
dam,9
hind,9
hurt,9
implication,9
graduation,9
sheep,9
romance,9
disclaimer,9
personality,9
readily,9
jackson,8
biome,8
wag,8
investor,8
defense,8
silk,8
permafrost,8
bivalve,8
gulf,8
disaster,8
collectively,8
overwhelm,8
exhibitor,8
leaf,8
navigator,8
texas,8
hydro,8
plume,8
herb,8
halley,8
impose,8
measurement,8
relief,8
cot,8
parallel,8
figurative,8
isolation,8
corvids,8
burial,8
guy,8
accuracy,8
radiocarbon,8
dun,8
incredible,8
crash,8
sibling,8
perceptual,8
lion,8
silent,8
compass,8
rectangular,8
surveyor,8
gastroliths,8
instructor,8
oceanic,8
melon,8
tide,8
prince,8
magazine,8
intention,8
contradict,8
specialist,8
turnpike,8
wonderful,8
ignore,8
notably,8
lesson,8
staff,8
desirable,8
clothe,8
philosopher,8
prosperity,8
tidal,8
thursday,8
displacement,8
columbia,8
literally,8
bee,8
lizard,8
tiredness,8
port,8
tame,8
everywhere,8
poisonous,8
midwest,8
participate,8
joint,8
descartes,8
oxide,8
pencil,8
goat,8
expressive,8
saturn,8
exotic,8
father,8
intelligence,8
oral,8
posse,8
exclusive,8
eka,8
expectation,8
radical,8
plaster,8
hooper,8
fortunately,8
beat,8
remote,8
regardless,8
stephen,8
herself,8
lavie,8
worldwide,8
heavier,8
package,8
tv,8
tomato,8
automatically,8
consumption,8
ultimately,8
prolong,8
bust,8
mesopotamia,8
fossilize,8
terrace,8
etc,8
intersect,8
ruminant,8
obstacle,8
meadow,8
jarosite,8
tribe,8
colorful,8
adjustment,8
barren,8
olympic,8
mathematical,8
tremendous,8
restrict,8
tax,8
suggestion,8
compel,8
densely,8
lechuguilla,8
partner,8
airway,8
assemble,8
super,8
helpful,8
deficiency,8
undoubtedly,8
glory,8
someday,8
modest,8
equatorial,8
coke,8
bleach,8
contaminate,8
piaget,8
decorate,8
deadline,8
protectionist,8
narrative,8
crude,8
angiosperm,8
tolerate,8
signature,8
neanderthal,8
chicago,8
groom,8
navigational,8
antelope,8
rib,8
crab,8
curious,8
specimen,8
rank,8
polynesia,8
trumpet,8
richer,8
unchanging,8
border,8
fan,8
interestingly,8
rope,8
explorer,8
ancestral,8
glomar,8
swallow,8
remind,8
representative,8
utilize,8
agassiz,8
pack,8
rembrandt,8
democratic,8
equivalent,8
heighten,8
trust,8
papermaking,8
abstract,8
tough,8
notable,8
secret,8
tutor,8
impressionist,8
periodically,8
towards,8
indication,8
gender,8
emerson,8
burrow,8
seep,8
koran,8
literacy,8
exposition,8
camel,8
longevity,8
photograph,8
fiction,8
developer,8
consideration,8
euphrates,8
mr,8
recognition,8
asian,8
fashion,8
pollination,8
preservation,8
hypothalamus,8
strengthen,8
spin,8
occasional,8
ground,8
assistant,8
trader,8
champollion,7
fidelity,7
fossilization,7
brick,7
minimum,7
eleventh,7
inhibit,7
unstable,7
relic,7
excess,7
reindeer,7
caravel,7
steamboat,7
pound,7
thaw,7
persist,7
throat,7
online,7
industrialize,7
vigorously,7
bart��k,7
browse,7
cent,7
patent,7
underneath,7
unrelated,7
mixture,7
descendant,7
discourage,7
registration,7
broader,7
subduction,7
michael,7
twig,7
inequality,7
sufficiently,7
extensively,7
invite,7
conquest,7
sally,7
louis,7
criterion,7
furniture,7
crowd,7
accomplish,7
commodity,7
loyalty,7
flora,7
tasmania,7
sector,7
deceive,7
seemingly,7
sport,7
ha,7
passageway,7
freight,7
airflow,7
warrior,7
gym,7
horizontal,7
alpine,7
mythical,7
weakness,7
mode,7
oceania,7
poet,7
depletion,7
shore,7
speculation,7
davis,7
george,7
lecturer,7
slope,7
frost,7
trick,7
portraiture,7
shoot,7
micronesia,7
applicant,7
dakota,7
quiet,7
nomadic,7
cement,7
noisy,7
canvas,7
mythology,7
starling,7
synthesize,7
milankovitch,7
pretend,7
royal,7
vicinity,7
olmec,7
friendly,7
sphere,7
collide,7
superorganism,7
repetition,7
friction,7
uncommon,7
burgess,7
internet,7
translocate,7
moist,7
carol,7
partially,7
overland,7
park,7
tommotian,7
storytelling,7
hexagonal,7
tear,7
atom,7
corporation,7
rival,7
unfamiliar,7
elective,7
topi,7
aggressiveness,7
nutritious,7
evaluation,7
biotic,7
tire,7
readership,7
flash,7
discharge,7
pollute,7
opaque,7
economically,7
nonelite,7
sac,7
horizon,7
tip,7
wednesday,7
gogh,7
aggregate,7
jean,7
chaotic,7
fold,7
sheer,7
squirrel,7
simulate,7
temporary,7
inability,7
flake,7
rotate,7
colubrid,7
strictly,7
prestige,7
sedentary,7
calculation,7
accustom,7
duration,7
dean,7
insight,7
bet,7
repeatedly,7
northwestern,7
slab,7
erase,7
predominate,7
decomposition,7
spruce,7
inch,7
deeply,7
cooperate,7
cluster,7
woody,7
discard,7
cenozoic,7
watson,7
dye,7
pollutant,7
frontality,7
frank,7
excessive,7
maritime,7
hyperaccumulators,7
hang,7
henry,7
bantu,7
projector,7
heritage,7
pheromone,7
hatch,7
seminar,7
proper,7
norway,7
german,7
tellurium,7
viewpoint,7
renewable,7
grand,7
trilobite,7
coptic,7
daughter,7
unclear,7
mercantile,7
rosetta,7
camp,7
identity,7
luxury,7
catalog,7
cash,7
newly,7
toe,7
aside,7
former,7
unpredictable,7
enforce,7
artificially,7
susceptible,7
arrival,7
earthquake,7
firn,7
dairy,7
terrain,7
judge,7
disagreement,7
traditionally,7
imitation,7
alarm,7
fourteenth,7
ii,7
regiment,7
nanotube,7
fifteen,7
horn,7
carbonic,7
elk,7
constitute,7
sex,7
educate,7
perfectly,7
proto,7
digestive,7
rut,7
irrigate,7
pond,7
possession,7
faint,7
cope,7
evident,7
participant,7
scribe,7
jay,7
spray,7
wakefulness,7
rainforest,7
sumer,7
paradox,7
bartok,7
conspicuous,7
astronomical,7
syllable,7
electronic,7
runge,7
van,7
cratering,7
legal,7
sirius,7
visitor,7
sociology,7
matrix,7
reclaim,7
virus,7
punishment,7
olfactory,7
delivery,7
calotype,6
steep,6
phytoremediation,6
strongest,6
topography,6
symbiosis,6
cheep,6
hippopotamus,6
smallest,6
leadership,6
pen,6
campaign,6
mutation,6
differentiate,6
ourselves,6
overlie,6
hollow,6
mississippi,6
lip,6
dimension,6
probability,6
invader,6
downward,6
mollusk,6
wildlife,6
robin,6
geographic,6
monte,6
satisfactory,6
sack,6
lifestyle,6
vibration,6
charles,6
hendrix,6
draft,6
botany,6
gibraltar,6
overseas,6
capsize,6
restoration,6
shrine,6
testaccio,6
listener,6
reshape,6
criticism,6
elevator,6
syria,6
interconnect,6
residential,6
freedom,6
strain,6
accessible,6
territorial,6
echolocation,6
violate,6
dadaists,6
arsenale,6
heliocentric,6
nut,6
cartoon,6
gama,6
ceiling,6
harden,6
id,6
microclimate,6
utilitarian,6
airplane,6
preparation,6
yucat,6
coffee,6
collective,6
outward,6
genre,6
simulation,6
h,6
flaw,6
questionable,6
regularity,6
psychodynamic,6
eco,6
overcast,6
compensate,6
somebody,6
lighter,6
pastoral,6
pitch,6
deteriorate,6
revolve,6
deliver,6
instinct,6
thomson,6
acre,6
stationary,6
stake,6
undergraduate,6
measurable,6
mount,6
nose,6
contract,6
daytime,6
economical,6
lunch,6
simultaneously,6
brightness,6
tharsis,6
conceal,6
tomb,6
rayleigh,6
volatile,6
nebular,6
funny,6
heliacal,6
convention,6
nighttime,6
cascade,6
mold,6
moss,6
surge,6
consistently,6
maze,6
natans,6
hatchling,6
bundle,6
hey,6
hair,6
castle,6
conversion,6
facility,6
pleasure,6
prone,6
maine,6
auditorium,6
purple,6
duty,6
realm,6
toddler,6
disappearance,6
exogenous,6
faunal,6
dozen,6
log,6
restless,6
door,6
wake,6
fungus,6
interlock,6
fry,6
suppress,6
sweep,6
intrinsic,6
race,6
melanesia,6
immigrant,6
probable,6
circulate,6
reporter,6
belt,6
tactic,6
daguerreotype,6
exceed,6
cherry,6
egalitarian,6
electronics,6
tower,6
delicate,6
consciously,6
indium,6
resilience,6
talbot,6
compress,6
column,6
recommend,6
compaction,6
comfortable,6
geologically,6
pest,6
andrew,6
flyer,6
accidental,6
uncertain,6
hierarchy,6
ambitious,6
doctor,6
sunday,6
newer,6
speculate,6
peepshow,6
FALSE,6
unreliable,6
ongoing,6
celsius,6
viewer,6
chip,6
union,6
upset,6
transplant,6
bos,6
cow,6
practitioner,6
panama,6
differential,6
sculptor,6
edit,6
practically,6
da,6
frame,6
accident,6
nowadays,6
portuguese,6
circadian,6
chart,6
accompaniment,6
spoil,6
alright,6
controversial,6
monsoon,6
loie,6
tin,6
manufacturer,6
reappear,6
importantly,6
mound,6
website,6
baltic,6
investigator,6
brand,6
habituation,6
counterpart,6
karst,6
socially,6
inventor,6
cloth,6
vadose,6
cecilia,6
offshore,6
deplete,6
steppe,6
beringia,6
instal,6
horticulture,6
brush,6
diffuse,6
incomplete,6
crane,6
overtime,6
ruin,6
fade,6
payroll,6
surpass,6
progressive,6
pakistan,6
approval,6
locally,6
reign,6
fragile,6
rational,6
enemy,6
silver,6
inexpensive,6
suspend,6
ostrich,6
summarize,6
intact,6
foraminifera,6
paddle,6
mutoscope,6
pollinate,6
photosynthetic,6
satisfy,6
nightcap,6
estuary,6
observational,6
inadequate,6
curve,6
manner,6
via,6
shed,6
finance,6
seaway,6
conquer,6
choreography,6
bush,6
standardize,6
jewelry,6
blade,6
flexibility,6
prominent,6
theorize,6
tester,6
piston,6
mobility,6
namely,6
quit,6
clarify,6
newcomen,6
proliferation,6
dada,6
salon,6
purely,6
calligrapher,6
commercially,6
assessment,6
monopoly,6
sensitive,6
spirit,5
confidence,5
lengthy,5
chant,5
haul,5
impetus,5
dandelion,5
defender,5
thickness,5
personally,5
custom,5
radioactivity,5
beast,5
hydrologic,5
interrupt,5
mesopotamian,5
insufficient,5
shock,5
diversification,5
excitement,5
einarsen,5
precipitate,5
meteoroid,5
cheetah,5
altogether,5
heater,5
vehicle,5
raup,5
versa,5
disease,5
gonur,5
dimensional,5
cavity,5
fluke,5
sunshine,5
handicap,5
prospect,5
palm,5
distortion,5
inefficient,5
myself,5
planetary,5
telecommunication,5
refractory,5
opponent,5
heyerdahl,5
spa,5
comparative,5
absorption,5
amy,5
cabaret,5
sometime,5
valid,5
rebound,5
financier,5
acacia,5
coin,5
suffer,5
tolerant,5
decipher,5
de,5
sepkoski,5
dishabituation,5
symptom,5
soften,5
respiratory,5
cannonball,5
alteration,5
billfish,5
catharsis,5
adventure,5
rewilding,5
actor,5
eddy,5
soluble,5
stony,5
presidency,5
conference,5
london,5
wilderness,5
colorado,5
symbolize,5
implement,5
holocene,5
thrust,5
freely,5
araby,5
pit,5
physicist,5
subsequently,5
yours,5
ease,5
artwork,5
backward,5
technetium,5
nutritional,5
supplement,5
internally,5
uganda,5
geothermally,5
interstellar,5
tilt,5
whenever,5
seasonally,5
harpsichord,5
theorist,5
rocket,5
asleep,5
plausible,5
salty,5
planetarium,5
catholic,5
austronesian,5
chair,5
noticeable,5
likelihood,5
yep,5
bashkirtseff,5
san,5
detractor,5
designer,5
moderate,5
hectare,5
silicate,5
consciousness,5
intensively,5
dot,5
dewey,5
gentle,5
cough,5
hotter,5
deciduous,5
catalhoyuk,5
regulation,5
await,5
logically,5
alphabet,5
usable,5
mastodon,5
mosque,5
tract,5
douglas,5
lisa,5
vice,5
wire,5
cafeteria,5
conscious,5
irrelevant,5
pleasant,5
barely,5
villa,5
innovative,5
ill,5
rower,5
occasion,5
horseshoe,5
sooner,5
constituent,5
son,5
jump,5
amazon,5
novelty,5
latest,5
permission,5
safety,5
subtle,5
familiarity,5
costly,5
axis,5
poorer,5
verify,5
prosperous,5
teeth,5
interdependent,5
exhaust,5
maturation,5
hawk,5
absent,5
morocco,5
iodine,5
mathew,5
repress,5
actively,5
costume,5
relocate,5
council,5
prospective,5
meal,5
minimal,5
insulation,5
eurasia,5
peter,5
temporal,5
speaker,5
acknowledge,5
mithen,5
propagate,5
logogram,5
galileo,5
landowner,5
machu,5
hieroglyphic,5
greenland,5
drug,5
relevance,5
timekeeper,5
durable,5
steadily,5
metabolism,5
nutritionally,5
stabilize,5
analogy,5
classmate,5
neck,5
salad,5
lean,5
dinner,5
satellite,5
definite,5
savery,5
entitle,5
presently,5
displace,5
tacke,5
bentley,5
propulsion,5
mon,5
bend,5
electrotechnology,5
abruptly,5
sub,5
maple,5
darkness,5
deed,5
gazda,5
organizational,5
firm,5
coyote,5
ultrasound,5
needle,5
refill,5
alternate,5
formulate,5
employment,5
archeology,5
prevalent,5
weaken,5
sedimentation,5
clutch,5
dawn,5
endanger,5
bulge,5
brushstrokes,5
japan,5
sludge,5
hyperaccumulating,5
acceptance,5
antler,5
windmill,5
user,5
scheme,5
r,5
stimulation,5
vein,5
judgment,5
web,5
predominant,5
ear,5
mike,5
blanket,5
longest,5
jaw,5
monumental,5
talent,5
camouflage,5
bell,5
breakthrough,5
fundamentally,5
gill,5
politics,5
viable,5
streamline,5
incentive,5
unexpected,5
ceremonial,5
downtown,5
backbone,5
phytoliths,5
markedly,5
extraction,5
fin,5
buffalo,5
fifteenth,5
ultimate,5
monitor,5
renew,5
photoreceptors,5
emphasis,5
hereditary,5
canadian,5
successive,5
fame,5
elkind,5
columbian,5
bushel,5
unoccupied,5
endotherms,5
whom,5
ekman,5
politician,5
immense,5
eidophusikon,5
chemically,5
hungary,5
apartment,5
qualify,5
tobacco,5
mutualism,5
defeat,5
lens,5
divert,5
unlimited,5
shoe,5
multiply,5
picchu,5
demotic,5
cheaply,5
worst,5
ordinarily,5
restriction,5
fifty,5
lend,5
fladmark,5
himalaya,5
radioactive,5
imperial,5
precede,5
erect,5
toth,5
environmentalist,5
convenient,5
acoustical,5
depe,5
dependence,5
handedness,5
encounter,5
sleepy,5
kiln,5
naturalistic,5
magma,5
umm,5
smile,5
mission,5
nomadism,5
infrared,5
monday,5
contrary,5
equip,5
constructive,5
caterpillar,5
devil,5
persistent,5
hint,5
dive,5
ultraviolet,5
popularity,5
isle,5
lade,5
institution,5
spectacular,5
overlap,5
substrate,5
inhospitable,5
comfort,5
shipbuilder,5
exaggeration,5
likewise,5
waterway,5
alertness,5
mudflats,5
prevail,5
hull,5
ox,5
aestivation,5
lesser,5
individually,5
nasal,5
hammer,5
incredibly,5
earn,5
secular,5
berlin,5
marker,5
tourism,5
profession,5
parental,5
advancement,5
silicon,5
endogenous,5
grasshopper,5
kinda,5
troubadour,5
gland,5
resume,5
nicely,5
glassy,5
nucleus,5
liberal,5
potassium,5
exchanger,5
inference,5
pig,5
precision,5
inhale,4
francisco,4
conformity,4
federal,4
luckily,4
puddle,4
timekeeping,4
substantiate,4
spill,4
dortans,4
flatten,4
margin,4
unnatural,4
geyser,4
ingenuity,4
gel,4
barn,4
ammonoid,4
approximate,4
nervous,4
onion,4
outdated,4
wagon,4
feat,4
figurine,4
october,4
coexist,4
retrieval,4
alice,4
radically,4
laryngeal,4
obliterate,4
murphy,4
russian,4
mast,4
respiration,4
humidity,4
literate,4
precious,4
appointment,4
junk,4
effectiveness,4
astonish,4
declare,4
obsolete,4
genius,4
broadcast,4
transmission,4
uranus,4
drum,4
merely,4
bedrock,4
unwilling,4
spite,4
ooze,4
bioluminescence,4
monument,4
opposition,4
oneself,4
simultaneous,4
replicator,4
security,4
explode,4
analyse,4
consensus,4
sum,4
spoon,4
unprotected,4
festival,4
brightest,4
garrison,4
fringe,4
milder,4
indus,4
amsterdam,4
tectonics,4
awesome,4
aborigine,4
withdraw,4
eighteen,4
kilogram,4
austria,4
maclura,4
agriculturalist,4
prayer,4
ephemeral,4
wipe,4
questionnaire,4
monk,4
partnership,4
wander,4
disastrous,4
chlorosis,4
bellow,4
mackerel,4
unimportant,4
dependable,4
solidify,4
provoke,4
bye,4
motionless,4
floodplain,4
bar,4
magnify,4
audio,4
sheldon,4
concrete,4
straighten,4
calorie,4
magic,4
protective,4
fellow,4
poster,4
unnecessary,4
discrete,4
client,4
supervise,4
realization,4
darker,4
catastrophe,4
freud,4
mere,4
groove,4
maynard,4
conservationist,4
formally,4
classification,4
cort,4
comedy,4
eater,4
teresa,4
mesoamerica,4
w,4
degrade,4
tuition,4
combat,4
tank,4
chondritic,4
expend,4
label,4
recur,4
mercury,4
humus,4
welty,4
hub,4
examination,4
anytime,4
feasible,4
permanently,4
participation,4
fraction,4
hippo,4
mainland,4
chemist,4
utensil,4
frontal,4
pinpoint,4
unpleasant,4
coarse,4
mailbox,4
notothenioid,4
faraway,4
confront,4
lincoln,4
turbulence,4
commensalism,4
harness,4
visually,4
phytoplankton,4
glimpse,4
tablet,4
glow,4
max,4
cortex,4
zoology,4
mustard,4
photographic,4
janet,4
tikal,4
exclusion,4
kid,4
alert,4
elliptical,4
replicators,4
microbe,4
closet,4
violet,4
trance,4
julian,4
philippine,4
thoroughly,4
radar,4
locomotive,4
successional,4
board,4
meager,4
eisenstein,4
roam,4
plover,4
smoke,4
kitchen,4
deepest,4
industrializers,4
identical,4
admit,4
vacation,4
proteus,4
interference,4
scrape,4
perish,4
authoritative,4
fireplace,4
huron,4
plug,4
fuse,4
railway,4
geographical,4
treatment,4
exterior,4
disruption,4
unhappy,4
shaman,4
eurasian,4
cheaper,4
toolmaker,4
bc,4
comparable,4
abrupt,4
easter,4
sensitivity,4
unaltered,4
vastly,4
trait,4
jacques,4
aristocracy,4
fecundity,4
incident,4
backup,4
shellfish,4
layout,4
sunrise,4
lawlike,4
climb,4
translate,4
servant,4
owe,4
rehearsal,4
calm,4
removal,4
static,4
wrap,4
dispute,4
weekly,4
vigorous,4
contradictory,4
annually,4
alexander,4
instruction,4
simplify,4
deprive,4
dialect,4
fulfill,4
conform,4
geomagnetic,4
tenth,4
explosive,4
melody,4
vanish,4
localize,4
establishment,4
alongside,4
scandinavian,4
foodstuff,4
spur,4
pulse,4
cessation,4
fetus,4
tenfold,4
reform,4
vapor,4
beam,4
saline,4
solo,4
aztec,4
patchy,4
adept,4
stack,4
satisfaction,4
landmass,4
neighborhood,4
landfill,4
predatory,4
welfare,4
hostile,4
caledonian,4
geographically,4
swamp,4
starve,4
stunt,4
bulk,4
filter,4
voltaire,4
outweigh,4
advent,4
zoologist,4
trunk,4
afterwards,4
compromise,4
mess,4
reluctant,4
confine,4
unpublished,4
widen,4
orally,4
poorly,4
condensation,4
lift,4
prize,4
choir,4
arbitrary,4
varnish,4
keystone,4
glaze,4
spectator,4
arabic,4
queen,4
posture,4
interplay,4
roommate,4
fictional,4
peel,4
announcement,4
honest,4
chimpanzee,4
acidic,4
vocabulary,4
fence,4
overhead,4
angular,4
vocalization,4
entity,4
unconsolidated,4
publicity,4
evenly,4
parasitism,4
bode,4
mary,4
sicily,4
aristarchus,4
sanskrit,4
intrinsically,4
milky,4
canopy,4
blast,4
caravan,4
net,4
vasco,4
medicine,4
aerospace,4
sensible,4
autumn,4
file,4
cramp,4
butter,4
seafarer,4
soap,4
banker,4
hydroponic,4
gray,4
rodent,4
divergence,4
iceland,4
expertise,4
germination,4
smelt,4
inaccurate,4
shoreline,4
memorize,4
theoretically,4
philosophical,4
repair,4
district,4
hibernate,4
attain,4
prime,4
stiff,4
fuzzy,4
mutually,4
police,4
neat,4
phonograph,4
prehistory,4
portable,4
brittle,4
passive,4
resemblance,4
scotland,4
celebrate,4
waiter,4
prevalence,4
recovery,4
fertilize,4
neptune,4
registrar,4
pronghorn,4
droplet,4
culminate,4
observer,4
unfortunate,4
prep,4
healthier,4
dismiss,4
sacrifice,4
buyback,4
revenue,4
senate,4
scratch,4
lily,4
compression,4
impersonal,4
ladder,4
individualistic,4
contradiction,4
thorough,4
err,4
minimize,4
rim,4
auxiliary,4
substantially,4
decompose,4
marshy,4
firewood,4
embed,4
gallium,4
rye,4
st,4
hunger,4
squeeze,4
blowhole,4
wound,4
telomerase,4
please,4
inclination,4
revolutionary,4
karl,4
technically,4
fortunate,4
marseille,4
magpie,4
tolerance,4
technologically,4
crew,4
autonomous,4
floral,4
handwrite,4
assistance,4
richard,4
skeptical,4
fir,4
din,4
allopatry,4
imaginative,4
cliff,4
subjective,4
j,4
anymore,4
legislation,4
inflate,4
necessitate,4
courtship,4
beginner,4
led,4
tethys,4
fantastic,4
rush,4
email,4
perfume,4
blubber,4
inevitable,4
sorghum,4
butterfly,4
sponsor,4
critically,4
platform,4
dislike,4
corolla,4
harmony,4
cling,4
sparse,4
analogous,4
picky,4
boston,4
weave,4
succulent,4
weed,4
oyster,4
dirt,4
tribal,4
editorial,4
rudimentary,4
buyer,4
handicraft,4
ammonia,4
oppositely,4
infrastructure,4
deformation,4
partial,4
conservative,4
laura,4
shallower,4
landforms,4
odor,4
blackcap,4
involvement,4
intrude,4
pigmentation,4
f,4
coil,4
environmentally,4
highway,4
leak,4
ediacara,4
restaurant,4
candidate,4
arthur,4
dormant,4
merge,4
duplicate,4
lyric,4
realist,4
fate,4
analyst,4
dish,3
recount,3
glandular,3
reply,3
journey,3
rid,3
adz,3
houdin,3
february,3
mule,3
inspiration,3
lock,3
embryo,3
statuary,3
rainbow,3
g,3
demonstration,3
penchant,3
odds,3
immaturity,3
comprise,3
obligatory,3
ample,3
commonplace,3
youngster,3
eyeglass,3
wolfram,3
anecdotal,3
guinea,3
bias,3
predictably,3
saint,3
zigzag,3
aridity,3
defensive,3
invisible,3
spongy,3
separately,3
pan,3
tightly,3
uplift,3
unexplained,3
counter,3
modernization,3
lancashire,3
orangutan,3
torch,3
recapture,3
adversely,3
thinner,3
eagle,3
outdoors,3
legend,3
found,3
godalming,3
cohesive,3
peculiar,3
willow,3
infertile,3
submit,3
champion,3
riparian,3
sodium,3
dian,3
herbicide,3
isadora,3
dnieper,3
ingest,3
fatten,3
statistic,3
tar,3
entry,3
disorient,3
pasture,3
transparent,3
marlin,3
ought,3
deepen,3
proposal,3
documentation,3
grey,3
deglaciation,3
onward,3
nonruminants,3
seahorse,3
larva,3
blank,3
specially,3
destination,3
shut,3
builder,3
command,3
jet,3
outdoor,3
boxlike,3
collector,3
overgrow,3
uniformly,3
phonetic,3
informant,3
clever,3
allocate,3
foundational,3
richest,3
logic,3
shakespeare,3
explicit,3
remnant,3
artistically,3
cheese,3
bureaucracy,3
sparsely,3
frederic,3
livable,3
faraday,3
andes,3
praise,3
erupt,3
soviet,3
observable,3
adam,3
retirement,3
alike,3
bevel,3
unfinished,3
cfc,3
capability,3
reliability,3
hook,3
bombard,3
deposition,3
anger,3
elimination,3
comprehensive,3
cathedral,3
acceptable,3
tanker,3
unpopular,3
justice,3
dress,3
intimate,3
anthropocene,3
knowledgeable,3
liberty,3
nonetheless,3
jar,3
legume,3
craftsmanship,3
ornament,3
badly,3
outcome,3
clara,3
typify,3
shipyard,3
persuasive,3
entrepreneur,3
cere,3
jordan,3
sweet,3
sticky,3
chapelle,3
shuttle,3
oviraptor,3
tape,3
pile,3
saltwater,3
specify,3
upside,3
eyeball,3
elongate,3
humanity,3
emotionally,3
coastline,3
cat,3
believable,3
deterioration,3
seedling,3
msr,3
iq,3
hsu,3
conclusively,3
instability,3
inconvenient,3
afield,3
hinder,3
spiritual,3
nomad,3
precession,3
deforestation,3
unrealistic,3
straightforward,3
submissive,3
multicellular,3
imagery,3
psychologically,3
thought,3
caravels,3
maximize,3
percolate,3
envision,3
impoverish,3
assure,3
chimney,3
iraq,3
peaceful,3
sag,3
panel,3
boredom,3
falcon,3
scope,3
intentionally,3
worsen,3
domelike,3
pipeline,3
flush,3
purify,3
noun,3
joke,3
peach,3
hate,3
lifetime,3
lick,3
montreal,3
marketplace,3
disruptive,3
jenkins,3
crystallize,3
photographer,3
skip,3
additionally,3
suspect,3
hierarchical,3
rent,3
depart,3
drapery,3
yellowish,3
chloride,3
wartime,3
jeff,3
enjoyable,3
sizable,3
conductance,3
marvel,3
discern,3
landmark,3
distress,3
noble,3
outflowing,3
propagules,3
photocopy,3
consequent,3
molecular,3
predominantly,3
usefulness,3
sponge,3
tusk,3
vibrate,3
patch,3
jimi,3
rhizome,3
rear,3
overfishing,3
electrify,3
contour,3
scenario,3
planner,3
midsummer,3
creator,3
resort,3
promissory,3
welcome,3
mismatch,3
subtropical,3
sewer,3
vintage,3
glance,3
traveler,3
distinctly,3
cobra,3
lightweight,3
photo,3
doorway,3
bus,3
void,3
illustration,3
tertiary,3
coconut,3
troop,3
gorilla,3
aristocrat,3
syllabus,3
loop,3
megawatt,3
defect,3
anomaly,3
guatemalan,3
squirt,3
gamma,3
exploitation,3
sailfish,3
thickly,3
dialogue,3
ass,3
ideally,3
midwestern,3
coincide,3
huckleberry,3
clearer,3
incoming,3
contest,3
homework,3
petrifaction,3
dial,3
illinois,3
michigan,3
conceive,3
agriculturalism,3
prism,3
gould,3
brother,3
watercraft,3
odd,3
encouragement,3
unprecedented,3
substitute,3
wed,3
conception,3
bison,3
companion,3
smother,3
brilliant,3
controversy,3
pavlova,3
worthy,3
anchor,3
daylight,3
disrupt,3
custodian,3
pigeon,3
sap,3
igneous,3
terminal,3
pride,3
forbid,3
portability,3
unskilled,3
entail,3
detach,3
nowhere,3
jane,3
eldredge,3
finer,3
stiffen,3
formalize,3
masterpiece,3
schumann,3
rainy,3
paradigm,3
academy,3
venture,3
savannah,3
baghdad,3
commission,3
hungarian,3
arable,3
educator,3
aragonite,3
jurassic,3
nutrition,3
sister,3
protest,3
understory,3
irony,3
sulfate,3
krebs,3
resolve,3
adequate,3
negotiate,3
lken,3
chromatophores,3
contention,3
ideomotor,3
fastest,3
calligraphy,3
seventh,3
fox,3
bother,3
submerge,3
lantern,3
stranger,3
anybody,3
hike,3
voluntary,3
fourneyron,3
fortune,3
tiffany,3
steal,3
yuty,3
frustration,3
trillion,3
advocate,3
drastic,3
sociobiology,3
constrictor,3
therr,3
mist,3
fatty,3
neglect,3
cellulose,3
meteoritic,3
resilient,3
gut,3
advantageous,3
superiority,3
exclusively,3
ritualize,3
weird,3
nutritive,3
heartbeat,3
extermination,3
gigantothermy,3
oar,3
truck,3
horsepower,3
neatly,3
locke,3
reconstruction,3
currency,3
insist,3
fountain,3
recognizable,3
continuity,3
converge,3
grice,3
replenish,3
offset,3
skeletal,3
creativity,3
scarcity,3
successor,3
actress,3
inca,3
shiny,3
secretion,3
blink,3
absolute,3
globe,3
plateau,3
microscope,3
mercy,3
mask,3
korean,3
pantomime,3
northward,3
cite,3
cooperative,3
committee,3
oversee,3
aboard,3
reset,3
viper,3
waterlogged,3
cottonwood,3
update,3
waterproof,3
subscribe,3
metamorphic,3
driest,3
uproot,3
expenditure,3
obscure,3
ida,3
assert,3
sophistication,3
rancher,3
olympus,3
hay,3
shatter,3
cap,3
analyzer,3
constraint,3
tannin,3
unity,3
murdoch,3
antiquity,3
unify,3
geo,3
drury,3
kneel,3
tailor,3
ranch,3
conclusive,3
permian,3
delta,3
granule,3
contraction,3
unbelievable,3
capillary,3
treeless,3
embrace,3
pistachio,3
verb,3
lag,3
manipulate,3
devastate,3
urge,3
pastureland,3
hydrothermal,3
garbage,3
aspen,3
forever,3
characterization,3
planter,3
osmosis,3
hemlock,3
rotation,3
pop,3
lease,3
youngest,3
woodlots,3
ruskin,3
mutual,3
commit,3
amazingly,3
bitter,3
harriet,3
signaler,3
midcontinental,3
arrow,3
cuicuilco,3
hypothetical,3
louder,3
immobile,3
erosive,3
kindergarten,3
topographical,3
categorize,3
drown,3
broadly,3
obscura,3
precambrian,3
statistical,3
breakdown,3
reptilian,3
locality,3
rip,3
spherical,3
session,3
apple,3
abstraction,3
pluto,3
dormancy,3
prosper,3
arousal,3
aristocratic,3
severely,3
aux,3
scottish,3
wisdom,3
detector,3
stroke,3
barbara,3
ethnic,3
foul,3
kazakhstan,3
intensely,3
naturalist,3
adriatic,3
slippery,3
exhibition,3
iroquois,3
elicit,3
cloudy,3
overgrazing,3
instantly,3
desk,3
perplex,3
selenium,3
compile,3
pursue,3
uneven,3
aboveground,3
broccoli,3
grandparent,3
intensive,3
advise,3
marie,3
radium,3
selfish,3
disagree,3
luis,3
objectively,3
wooded,3
recommendation,3
wey,3
chiefly,3
updraft,3
button,3
paradise,3
correspondence,3
outbreak,3
movable,3
bursa,3
rebellion,3
noticeably,3
membership,3
guard,3
depress,3
correlation,3
refund,3
tongue,3
athlete,3
dryness,3
quote,3
greenish,3
auction,3
refugia,3
wetter,3
repression,3
jennifer,3
salinity,3
externally,3
whoever,3
tonight,3
certify,3
grable,3
paperwork,3
warfare,3
depiction,3
thunder,3
unaffected,3
taller,3
keelboat,3
unemployment,3
karen,3
indigenous,3
mangrove,3
nationalism,3
youth,3
dissolution,3
plumage,3
sixth,3
payment,3
recital,3
singer,3
metallurgy,3
physiologically,3
repetitive,3
desolate,3
feudal,3
juxtaposition,3
auditory,3
toolmaking,3
impermeable,3
irritation,3
progressively,3
wiwaxia,3
eridu,3
radiator,3
fishery,3
forty,3
humorous,3
southeastern,3
invasive,3
freer,3
genus,3
lump,3
sinkhole,3
glove,3
methodological,3
kennedy,3
leach,3
clip,3
clementine,3
parasitic,3
experimentally,3
couch,3
reversal,3
evergreen,3
sabine,3
transitional,3
outgo,3
anthocyanin,3
boil,3
shaft,3
slick,3
countless,3
rebuild,3
soccer,3
foster,3
chief,3
rarity,3
benoit,3
bunch,3
injure,3
paycheck,3
newborn,3
ion,3
rewrite,3
memorable,3
supersede,3
agitate,3
caucasian,3
jim,3
hat,3
clockmaker,3
cobalt,3
thirteen,3
seventy,3
makeup,3
herodotus,3
disintegrate,3
congress,3
hardship,3
linguist,3
versus,3
timescales,3
persuade,3
supposedly,3
stamp,3
ryan,3
swing,3
wife,3
ensue,3
basalt,3
holiday,3
meltwater,3
criminal,3
quantify,3
integral,3
pillar,3
progression,3
sperm,3
swordfish,3
complaint,3
disprove,3
intelligent,3
impressionism,3
reflex,3
gricean,3
utter,3
solidarity,3
baltimore,3
undertake,3
bud,3
pepper,3
roast,3
moor,3
informal,3
leap,3
safer,3
reminder,3
hurry,3
condenser,3
celled,3
prerequisite,3
alp,3
deforest,3
b��la,3
literary,3
hottest,3
ballerina,3
moraine,3
extrinsic,3
toad,3
abundantly,3
newcomer,3
strategic,3
denis,3
subside,3
bicycle,3
virtuosity,3
hardest,3
financially,3
conversely,3
celebration,3
manganese,3
proximity,3
loosely,3
bustle,3
engulf,3
zenith,3
williams,2
innovator,2
foothill,2
sock,2
swiftly,2
anticipate,2
horace,2
sufficiency,2
sledge,2
spark,2
anomalocaris,2
startle,2
forerunner,2
blame,2
mineralize,2
solitary,2
aircraft,2
giza,2
symbolically,2
adhere,2
deviate,2
knack,2
repudiate,2
keel,2
degradation,2
headmask,2
reverberant,2
inappropriate,2
permanence,2
thereafter,2
ren��,2
ashore,2
recrystallized,2
prowl,2
proposition,2
interspecies,2
tahoe,2
awake,2
kick,2
husbandry,2
divorce,2
carbonization,2
micro,2
potable,2
theirs,2
chore,2
metropolis,2
tech,2
bathhouse,2
painful,2
yocco,2
arabian,2
gusher,2
lifeway,2
peruvian,2
societal,2
hiccup,2
sunny,2
overgeneralize,2
pointillist,2
respectively,2
witness,2
saturday,2
chemosynthetic,2
gina,2
intertidal,2
award,2
eggshell,2
frighten,2
carrier,2
coach,2
mistakenly,2
pour,2
arthropod,2
pillared,2
vase,2
invoke,2
situate,2
cottage,2
tsetse,2
unemployed,2
souk,2
vacuum,2
retrain,2
correlate,2
inaccessible,2
modem,2
gustave,2
colonial,2
civic,2
drawback,2
bolder,2
eager,2
harbor,2
topsoil,2
recede,2
discredit,2
cheapest,2
xerophyte,2
cuba,2
chromatics,2
indefinite,2
unreturned,2
ming,2
textured,2
km,2
sumeria,2
consolidate,2
stressful,2
tiger,2
paleoecologist,2
crudely,2
chorus,2
marble,2
ironically,2
versatile,2
deliberately,2
ravage,2
enrollment,2
urbane,2
mediocre,2
antifreeze,2
refute,2
neurospora,2
predetermine,2
faience,2
ancestry,2
revolutionize,2
brownson,2
formula,2
wealthier,2
rigidly,2
gossip,2
restrictive,2
pipe,2
publication,2
conqueror,2
maroon,2
candid,2
fodder,2
treaty,2
postulate,2
sadness,2
grandiose,2
finger,2
beer,2
dreamer,2
reinvent,2
hip,2
insignificant,2
honestly,2
graph,2
aerodynamic,2
bluestem,2
marry,2
symbolism,2
subsidence,2
intermittently,2
tuzo,2
pristine,2
ur,2
diplomat,2
arduous,2
zero,2
gentleman,2
decisive,2
middletown,2
despondent,2
nancy,2
trinidad,2
outcompeting,2
chivalry,2
ferrassie,2
wagner,2
gauge,2
constellation,2
heterogeneous,2
dose,2
gateway,2
inadvertently,2
intermediary,2
tableware,2
hundredfold,2
amniotic,2
commitment,2
dictate,2
sensation,2
keyboard,2
immune,2
kremer,2
pessimistic,2
aback,2
newton,2
freshly,2
unnecessarily,2
abound,2
bitterness,2
hazard,2
thoughtful,2
vine,2
glossary,2
inherit,2
jot,2
lifespan,2
elect,2
immeasurably,2
trapping,2
birdlike,2
pumpkin,2
tricycle,2
mentality,2
valse,2
utility,2
speculative,2
waxy,2
operator,2
coworkers,2
perry,2
tabletop,2
semi,2
requisition,2
herbaceous,2
equinox,2
launch,2
limb,2
nitric,2
windy,2
archaeocyte,2
rivalry,2
navigable,2
prose,2
hong,2
nuclear,2
carrot,2
popularize,2
smart,2
micronesians,2
swarm,2
assemblage,2
buoyant,2
sensory,2
anatolia,2
knap,2
certificate,2
adjective,2
accuse,2
mesquite,2
rot,2
unsure,2
unbroken,2
palermo,2
zurich,2
jules,2
brine,2
prisoner,2
starvation,2
indonesia,2
pianist,2
copernicus,2
steven,2
intricate,2
livelihood,2
emigration,2
vegetative,2
redwood,2
armat,2
vaudeville,2
shipment,2
wilt,2
headquarter,2
neutron,2
concur,2
fancy,2
scavenger,2
flap,2
escalate,2
squander,2
gilbert,2
inconsistent,2
hazardous,2
premier,2
seize,2
respective,2
reaper,2
refuse,2
ensemble,2
constrain,2
humble,2
foundationalism,2
shimmer,2
independence,2
connecticut,2
relax,2
preposterous,2
attraction,2
contamination,2
disappointment,2
arnold,2
agrarian,2
bangkok,2
supportive,2
leonard,2
toll,2
militaristic,2
kong,2
sweat,2
inbreeding,2
opportunistic,2
warmth,2
paradoxically,2
outcrop,2
plumb,2
oneness,2
clan,2
coerce,2
rumen,2
dike,2
longtime,2
immature,2
humiliate,2
accordingly,2
irritant,2
altamira,2
stratigraphy,2
synchronization,2
collar,2
recipient,2
nonagricultural,2
alaskan,2
spectacularly,2
appetite,2
fluent,2
synchronize,2
python,2
portugal,2
nigeria,2
transplantation,2
administrator,2
diffusion,2
compute,2
ribbon,2
expressionist,2
mirage,2
gently,2
shun,2
flee,2
tutorial,2
patience,2
fortification,2
corselet,2
cater,2
reopen,2
incidental,2
ornamental,2
impediment,2
unaware,2
lap,2
strand,2
fresher,2
uncle,2
melodious,2
harsher,2
recruitment,2
resentment,2
simplest,2
framework,2
groundwaters,2
elaboration,2
tentatively,2
fond,2
audition,2
yup,2
endow,2
runaway,2
supplier,2
bleak,2
sidneyia,2
advice,2
leafy,2
cataclysmic,2
vote,2
corrode,2
convict,2
confederacy,2
fastidious,2
eligible,2
dehydrate,2
uncomfortable,2
clark,2
blockage,2
forge,2
anti,2
improvise,2
pant,2
rob,2
diverge,2
victim,2
risky,2
spacecraft,2
sniff,2
meticulously,2
prerecord,2
centre,2
balloon,2
attendant,2
discriminate,2
cushion,2
ball,2
ride,2
smoothly,2
solely,2
inundation,2
nightshade,2
graphic,2
eighth,2
parisian,2
porpoise,2
rider,2
hybrid,2
kunkel,2
eadweard,2
gist,2
municipal,2
apparatus,2
ain,2
cfq,2
companionship,2
tempt,2
imperfection,2
hellas,2
chronologically,2
reliably,2
pseudomyrmex,2
legitimately,2
weekday,2
wholly,2
conjunction,2
refresh,2
linear,2
reed,2
zagros,2
ally,2
theoretical,2
propel,2
ghazal,2
undermine,2
disloyalty,2
setup,2
nestmates,2
indefinitely,2
epicycle,2
overly,2
puebloan,2
chimp,2
warship,2
attachment,2
theatre,2
nester,2
carbohydrate,2
signify,2
shoemaking,2
plummet,2
melanesians,2
erratic,2
jungle,2
triumph,2
reradiated,2
onset,2
allergy,2
replica,2
migrant,2
descriptive,2
nursery,2
resurgence,2
wine,2
sudan,2
eukaryotic,2
persevere,2
reproductively,2
splendid,2
remarkably,2
mosquito,2
peripheral,2
commensal,2
cavendish,2
electromagnetic,2
raft,2
swirl,2
naturalism,2
glucose,2
brazil,2
starry,2
refreezing,2
connelly,2
optic,2
ipcc,2
ireland,2
sturdy,2
tether,2
pampas,2
spearhead,2
metabolize,2
principally,2
lys,2
reside,2
sever,2
imitative,2
ra,2
sada,2
tuck,2
randomness,2
explicitly,2
clamor,2
configuration,2
overirrigation,2
marcellin,2
barley,2
darwinian,2
disgust,2
cinnamon,2
hormone,2
energize,2
tourist,2
sixteen,2
variously,2
retract,2
distantly,2
profile,2
pip,2
daguerre,2
error,2
latium,2
hyksos,2
certification,2
rightly,2
priority,2
holland,2
incorrectly,2
respectable,2
abiotic,2
notorious,2
upright,2
edible,2
ginger,2
mute,2
inadequacy,2
conceptual,2
pinniped,2
affordable,2
seurat,2
craze,2
unavoidable,2
spout,2
discontinuous,2
morgan,2
susan,2
rebecca,2
urchin,2
powder,2
firmly,2
loosen,2
celluloid,2
torreya,2
inexpensively,2
marriage,2
grammar,2
kinetic,2
thread,2
igloo,2
rescue,2
unevenly,2
confusion,2
endothermic,2
unsuitable,2
exit,2
collaboration,2
cousin,2
revive,2
mexican,2
hello,2
comprehend,2
empirical,2
compatible,2
silica,2
reddish,2
carnivore,2
lamp,2
momentous,2
workforce,2
nickel,2
battleship,2
alif,2
notoriously,2
engender,2
junction,2
delineate,2
deaf,2
patrick,2
discord,2
oceanographer,2
waterless,2
flatboat,2
dwarf,2
ware,2
journeyman,2
permineralization,2
causal,2
pocket,2
vague,2
inconsistency,2
renewal,2
cane,2
maxwell,2
cosmic,2
allusion,2
canid,2
abolish,2
deere,2
deliberation,2
popularly,2
thrush,2
etch,2
individuality,2
kevin,2
flanged,2
nip,2
institute,2
posit,2
parade,2
cognition,2
sacrificial,2
legendary,2
canterbury,2
redirect,2
unjust,2
congestion,2
undesirable,2
resin,2
modernize,2
ptolemy,2
equality,2
conceivable,2
ataturk,2
minstrel,2
deliberate,2
sioux,2
gate,2
boule,2
hiss,2
tight,2
patient,2
serpentine,2
virtue,2
junior,2
permeable,2
ingenious,2
colossal,2
sandpiper,2
reasonably,2
traumatic,2
antwerp,2
colonizer,2
theology,2
rose,2
dadaism,2
clove,2
align,2
animate,2
simpler,2
eanna,2
adobe,2
marshland,2
lesley,2
playwright,2
ibn,2
verbalize,2
parabolic,2
mechanization,2
grunt,2
sofa,2
bypass,2
citrus,2
etienne,2
shortly,2
compulsorily,2
nonvisual,2
interbreed,2
cerebellum,2
murgab,2
twelve,2
inconclusive,2
hadrian,2
cellular,2
hilly,2
cosmopolitan,2
swear,2
processor,2
outlet,2
modification,2
chameleon,2
harrison,2
documentary,2
skirt,2
papilla,2
formerly,2
kayne,2
forecast,2
mccormick,2
timer,2
florence,2
worship,2
selective,2
fashionable,2
woodhouse,2
bow,2
willingness,2
stalk,2
hatchway,2
unfair,2
unsatisfactory,2
amanda,2
brook,2
arab,2
slave,2
reconsider,2
founder,2
tamarisk,2
remotest,2
lush,2
allude,2
handout,2
suitability,2
finite,2
suburb,2
crazy,2
unshielded,2
spectacle,2
frigid,2
lateral,2
teotihuacan,2
ouch,2
mathematics,2
credible,2
geostationary,2
finalize,2
otto,2
illusory,2
dilemma,2
bladder,2
player,2
elemental,2
accent,2
infrequent,2
nasa,2
generic,2
completion,2
confirmation,2
con,2
grad,2
hanson,2
muslim,2
contend,2
hood,2
officially,2
platelet,2
duck,2
determination,2
doubtful,2
lob,2
hearth,2
untrue,2
alkali,2
render,2
dragon,2
boulder,2
aha,2
peculiarity,2
qualification,2
reestablish,2
viking,2
gaseous,2
mysteriously,2
pianoforte,2
rag,2
inventory,2
divider,2
lessen,2
clich��,2
skim,2
blossom,2
subsist,2
obligation,2
marrakech,2
obsession,2
scroll,2
polite,2
productively,2
envelop,2
avenue,2
cohesion,2
bulletin,2
feeder,2
strife,2
bread,2
heroine,2
overshadow,2
neurotransmitter,2
kirch,2
lightest,2
cult,2
enroll,2
marey,2
supreme,2
exceedingly,2
sugarcane,2
evoke,2
streak,2
frown,2
circulatory,2
conifer,2
roadbed,2
accommodation,2
israel,2
gratify,2
royale,2
chlorophyll,2
extension,2
craftspeople,2
ambient,2
frederick,2
broom,2
allocation,2
compulsory,2
ironic,2
halt,2
percussion,2
isotopic,2
recurrence,2
flavor,2
polish,2
sargent,2
refuge,2
robot,2
uniquely,2
horticultural,2
overpainting,2
strangely,2
oceanography,2
inflowing,2
slush,2
elizabeth,2
turbulent,2
embarrass,2
hudson,2
trickle,2
neutral,2
clog,2
weaker,2
poke,2
detract,2
astronaut,2
crevice,2
rejection,2
civil,2
semisubsistence,2
turkish,2
overabundance,2
nick,2
clementsian,2
crumble,2
telephone,2
el,2
approve,2
april,2
infect,2
tennessee,2
sepal,2
ineffective,2
enigmatic,2
rhinoceros,2
biographical,2
candle,2
bang,2
vie,2
endeavor,2
shang,2
protrude,2
plankton,2
remediation,2
kitchenware,2
bonanza,2
devoid,2
plum,2
simplicity,2
catastrophic,2
hotel,2
v,2
pointer,2
pal,2
humanness,2
upcoming,2
pyrophytes,2
cyclical,2
interplanetary,2
inactivity,2
scenery,2
calve,2
bubbly,2
astrolabe,2
accommodate,2
columbus,2
chicken,2
glissando,2
immigrate,2
serengeti,2
albeit,2
originality,2
info,2
pounce,2
impatiently,2
cenotes,2
compositional,2
morrison,2
instructive,2
tiber,2
yew,2
sigh,2
lyrical,2
imposition,2
cuvier,2
prehistorians,2
prestigious,2
flame,2
generalization,2
vertebrate,2
foreground,2
alrerniflora,2
golden,2
greener,2
bookseller,2
recreate,2
undisputed,2
printer,2
climatically,2
waterfowl,2
disposal,2
epic,2
shame,2
relieve,2
wealthiest,2
supersonic,2
bushman,2
allopathic,2
closure,2
mongolia,2
diode,2
certainty,2
hardy,2
instinctive,2
dim,2
louisville,2
exemplify,2
benshi,2
soar,2
convincingly,2
arsenic,2
fluidity,2
triangular,2
longitude,2
jefferson,2
announce,2
employer,2
panic,2
quotation,2
curriculum,2
trainer,2
replant,2
surrey,2
unintentionally,2
ibex,2
sprout,2
wax,2
surmise,2
indirectly,2
courage,2
march,2
overharvesting,2
bedroom,2
bluefin,2
industrialism,2
sumerian,2
devour,2
executive,2
expanse,2
immediacy,2
spontaneously,2
fighter,2
lighten,2
noon,2
scythe,2
otter,2
appreciation,2
saltier,2
transit,2
denouement,2
proportionally,2
detachment,2
pacifier,2
monetary,2
magnesium,2
villager,2
august,2
soilless,2
messel,2
frustrate,2
dangerously,2
arguably,2
outta,2
plunge,2
ivory,2
anna,2
inevitably,2
aesthetically,2
hugely,2
resonate,2
argon,2
passenger,2
symphony,2
crow,2
heap,2
tremendously,2
lampshade,2
ohio,2
demise,2
eclipse,2
lobster,2
primordial,2
tycho,2
graphically,2
centrally,2
yard,2
corral,2
vocal,2
rift,2
paleontology,2
disinhibition,2
convection,2
amphibian,2
chariot,2
lateen,2
liter,2
maize,2
mutate,2
wedding,2
objection,2
creep,2
finlets,2
ownership,2
woodland,2
orderly,2
sexually,2
muybridge,2
subsurface,2
sovereign,2
exceptionally,2
uncover,2
antarctic,2
vas,2
lewis,2
interruption,2
gully,2
boast,2
slice,2
behaviorism,2
anatomy,2
smoky,2
seldom,2
thorn,2
outwash,2
seaweed,2
manifest,2
canaletto,2
mouthful,2
frankly,2
vaporize,2
infancy,2
grower,2
flotation,2
integration,2
enormously,2
immensity,2
stigma,2
meteoric,2
diplomacy,2
cadence,2
ethical,2
knit,2
mortality,2
burster,2
duchenne,2
ni,2
misinterpret,2
midnight,2
mathematician,2
primigenius,2
indicative,2
patchiness,2
authenticity,2
conceivably,2
volcanism,2
irrational,2
organically,2
refinement,2
decimal,2
routine,2
induce,2
proponent,2
overtake,2
alexandria,2
brace,2
nonnative,2
amuse,2
blacksmith,2
worthwhile,2
muqla,2
sting,2
seashell,2
pluck,2
accrete,2
gravitational,2
brackish,2
cribb,2
pennsylvania,2
cutter,2
persuasively,2
shine,2
microgravimetry,2
shin,2
meantime,2
statesman,2
macdonald,2
rigidity,2
potent,2
paste,2
overview,2
misunderstand,2
filmmaker,2
discoloration,2
expressionism,2
poverty,2
buildup,2
ta,2
businesspeople,2
entertainer,2
eukaryote,2
persian,2
monopolize,2
glen,2
momentum,2
illumination,2
trobe,2
confident,2
obstruct,2
attest,2
tang,2
width,2
iowa,2
coba,2
overshoot,2
lately,2
ruapehu,2
autonomy,2
quantifiable,2
inborn,2
wale,2
fourteen,2
priest,2
fissure,2
bovine,2
applaud,2
papyrus,2
undue,2
dadaist,2
republic,2
eleven,2
darling,2
underline,2
attainment,2
taxpayer,2
overnight,2
eventual,2
electrophoresis,2
erratics,2
immortal,2
bask,2
darken,2
vancouver,2
chlorofluorocarbon,2
semiskilled,2
metacognition,2
heavenly,2
��la,2
memo,2
choreograph,2
flutter,2
cumulative,2
bardi,2
omit,2
federation,2
arcade,2
virginia,2
downhill,2
complain,2
biographer,2
thumb,2
seasonality,2
microbial,2
trample,2
rotary,2
cathy,2
nonnutritive,2
switzerland,2
indispensable,2
gull,2
steamship,2
bay,2
excrete,2
basal,2
pharaoh,2
reachable,2
pup,2
amateur,2
legible,2
shoelace,2
ingoing,2
universally,2
businessman,2
useless,2
muddy,2
fellowship,2
inscription,2
furry,2
humid,2
observatory,2
translation,2
fulfil,2
magnificent,2
incapable,2
january,2
pictograph,2
resent,2
chase,2
excellence,2
album,2
instigate,2
stereotype,2
herbert,2
gause,2
innumerable,2
unanticipated,2
blemish,2
goof,2
predictive,2
chaucer,2
endowment,2
norman,2
humanitarian,2
medical,2
amplification,2
pierce,2
spinach,2
monarchy,2
interdisciplinary,2
devastation,2
shorten,2
tigris,2
ethic,2
nourish,2
automobile,2
prizefight,2
edition,2
incite,2
elliot,2
soot,2
diversify,2
elementary,1
foresee,1
vegetational,1
developmentally,1
alterniflora,1
recorder,1
unrecognized,1
drip,1
turkmenistan,1
successively,1
dredge,1
concreter,1
practicality,1
loyally,1
resolution,1
patronage,1
thematic,1
satirical,1
variant,1
soundtrack,1
chapman,1
protector,1
inwards,1
mystical,1
wheeler,1
krypton,1
persecution,1
surest,1
decomposers,1
seam,1
radiate,1
alternatively,1
transportable,1
joseph,1
annum,1
nifty,1
evans,1
circumvent,1
deception,1
encapsulate,1
demographic,1
experimentation,1
cop,1
squat,1
outsider,1
multiplicity,1
definitively,1
inanna,1
stylistic,1
supervisory,1
unquestionable,1
ripple,1
restorer,1
bidder,1
paradigmatic,1
kronor,1
intolerable,1
clarinet,1
constituency,1
indoors,1
eohippus,1
grassy,1
cleaner,1
unidealized,1
orville,1
bizarre,1
unconsciously,1
spartinaoccurs,1
prolifically,1
breadth,1
undecorated,1
archeological,1
perfection,1
pinkish,1
unsold,1
commend,1
commonality,1
ward,1
vitascope,1
paramount,1
tantalizingly,1
manure,1
amass,1
horizontally,1
metaphor,1
istanbul,1
humorously,1
openly,1
metgauna,1
photocopier,1
tensile,1
schubert,1
faith,1
austrian,1
acreage,1
adrift,1
regenerate,1
becauseit,1
capitalist,1
hysterical,1
uninterrupted,1
technician,1
marvelously,1
granite,1
fling,1
francois,1
cabin,1
famed,1
retail,1
wise,1
ration,1
faulty,1
wrath,1
sideways,1
downplay,1
relay,1
indepth,1
yummy,1
accidently,1
liston,1
genoa,1
dreamlike,1
phreatophytes,1
sarah,1
preliminary,1
jennings,1
circumstantially,1
daunt,1
epochc,1
dizziness,1
realign,1
generator,1
undisturbed,1
flue,1
geophysical,1
vividly,1
hog,1
rethink,1
limelight,1
trendy,1
myriad,1
icy,1
enthusiastic,1
sunset,1
spider,1
monetarily,1
ectothermic,1
coverage,1
preferably,1
rotterdam,1
uncontrolled,1
locomotion,1
norse,1
atlas,1
recreational,1
oval,1
acidity,1
purposeful,1
vincent,1
friesland,1
electronically,1
diligently,1
fortuitous,1
dependently,1
garage,1
quota,1
hem,1
stonehenge,1
croatian,1
starch,1
roids,1
monolithic,1
dunno,1
phreatophyte,1
bid,1
swiss,1
poli,1
usefully,1
uncanny,1
dalever,1
indigestible,1
kingbird,1
handerson,1
opt,1
poison,1
reinvested,1
donation,1
survivor,1
ponderosa,1
eartern,1
secularization,1
melodrama,1
detritus,1
juliet,1
cyclotron,1
doable,1
peru,1
remuneration,1
declaration,1
yuan,1
gymnosperm,1
scuba,1
nudge,1
grace,1
specialty,1
volunteerism,1
wreck,1
unearned,1
archipelago,1
protocol,1
qualitatively,1
chicxulub,1
extraordinarily,1
nurture,1
carton,1
fiercely,1
brilliantly,1
fortify,1
tricky,1
revival,1
forestry,1
eudora,1
deny,1
kidney,1
phonology,1
callingpangaea,1
reforestation,1
caledonia,1
calmer,1
inedible,1
osmotic,1
harshness,1
mechanic,1
gasoline,1
leaflet,1
hers,1
regime,1
narration,1
designate,1
cuneiform,1
playful,1
pertain,1
cropland,1
befit,1
courtyard,1
portage,1
tune,1
breadfruit,1
disdain,1
foreleg,1
lard,1
truthful,1
wes,1
weddell,1
jingdezhen,1
holistic,1
legion,1
toss,1
hairy,1
persia,1
fetch,1
stylus,1
fax,1
acoustically,1
tribespeople,1
informally,1
brackishness,1
stonewall,1
comeback,1
torrential,1
genuineness,1
lucky,1
eardrum,1
burnish,1
cleverly,1
knut,1
helen,1
anu,1
luxuriousness,1
tosspot,1
trajectory,1
scrubland,1
hydroxide,1
sensibility,1
estuarine,1
beggar,1
pancake,1
distil,1
curie,1
publicize,1
hydrodynamics,1
symmetrical,1
mood,1
offshoot,1
cripple,1
patria,1
robert,1
mountainous,1
loam,1
immobilize,1
guesswork,1
numerical,1
searcher,1
flock,1
beginning,1
victimize,1
seagrass,1
blackbird,1
regurgitate,1
efficacious,1
continuation,1
surrender,1
informative,1
thor,1
ultima,1
unsuccessful,1
iran,1
emblem,1
infrasound,1
inhibition,1
unpredictability,1
instinctively,1
aquarium,1
enigma,1
triton,1
gigantic,1
participatory,1
partition,1
julie,1
bacterial,1
yoho,1
oven,1
intraspecies,1
compost,1
maverick,1
diamond,1
teardrop,1
patchedequipment,1
systemwide,1
doll,1
congratulate,1
physiology,1
gallon,1
caput,1
sincerity,1
reappearance,1
seventeen,1
juan,1
improbable,1
abruptness,1
pictorial,1
lopsided,1
cognitively,1
heaviest,1
emanate,1
intelligently,1
argentina,1
patter,1
override,1
muffle,1
essence,1
chunk,1
incandescent,1
friendliness,1
jondo,1
drumstick,1
supplant,1
phoenix,1
necessity,1
ukraine,1
guest,1
helpdesk,1
scanty,1
harmless,1
discrepancy,1
inefficiently,1
alternation,1
spontaneous,1
vegetate,1
uninformed,1
flax,1
flicker,1
departure,1
meanwhile,1
remark,1
mainstay,1
em,1
workplace,1
anthropomorphism,1
ultisols,1
blaze,1
cactus,1
granular,1
mason,1
horsetail,1
sabbatical,1
recitative,1
cooky,1
junco,1
leisurely,1
lazuli,1
wireless,1
breakout,1
mathematically,1
tapeworm,1
glossy,1
hydroponically,1
hug,1
discreteness,1
electrode,1
triassic,1
underfoot,1
crime,1
printable,1
tenor,1
administer,1
prohibitive,1
melodramatic,1
petrochemical,1
unposed,1
admiration,1
hydropower,1
flank,1
refinery,1
deficit,1
provincial,1
altruistic,1
disc,1
decorator,1
infinite,1
legged,1
raven,1
relentless,1
stellar,1
prune,1
chelsea,1
underestimate,1
defer,1
religiously,1
faire,1
pennycress,1
socialize,1
feudalism,1
dismantle,1
driver,1
quotient,1
saltmarsh,1
cruise,1
pothole,1
dr,1
spillage,1
mania,1
cup,1
kenya,1
embody,1
perceivable,1
seller,1
potsherd,1
unconcerned,1
communicative,1
correctors,1
gossamer,1
calender,1
vestigial,1
kutubiyya,1
botanist,1
faulkner,1
suggestive,1
engagement,1
liberate,1
sic,1
choke,1
chomp,1
packet,1
seabed,1
deity,1
pliable,1
idealization,1
mortgage,1
backwater,1
unfairly,1
individualism,1
concentric,1
iustitia,1
poplar,1
compactness,1
vacate,1
commute,1
taxation,1
generalizable,1
tractor,1
percussive,1
wilmington,1
catalogue,1
clergy,1
collaborate,1
mauritius,1
onrushing,1
botanical,1
incline,1
hydrological,1
brightly,1
salinization,1
han,1
oily,1
escalation,1
crayfish,1
undeveloped,1
hemingway,1
pathogen,1
vitamin,1
chill,1
multitude,1
preservative,1
shakespearian,1
peculiarly,1
retire,1
sorta,1
sacred,1
tangential,1
blur,1
phew,1
splash,1
languish,1
tribute,1
lothar,1
weightlessness,1
admirable,1
cloudlike,1
spotlight,1
expressiveness,1
slender,1
notation,1
behaviorist,1
sue,1
overcultivation,1
cheer,1
attentive,1
cheloniid,1
buffer,1
overt,1
undeniable,1
walrus,1
flexibly,1
aerodynamics,1
pinhole,1
gaze,1
floe,1
paterson,1
kilowatt,1
nutshell,1
disorientation,1
intertwine,1
mammalian,1
cord,1
riot,1
solomon,1
diagnose,1
meteorological,1
dictation,1
finely,1
harvard,1
cheek,1
adaptable,1
longwave,1
chick,1
snap,1
eocene,1
mentor,1
awaken,1
overhear,1
jigsaw,1
publicly,1
vincenzo,1
noria,1
iridescent,1
murray,1
perch,1
crustacean,1
helmut,1
corruption,1
enjoyment,1
josh,1
endpoint,1
deprivation,1
marrow,1
accidentally,1
tasty,1
aerobics,1
landslide,1
merchandise,1
intensification,1
seafaring,1
greenery,1
checkerboard,1
spatial,1
rio,1
broadway,1
plastically,1
prototype,1
interlude,1
tc,1
plague,1
finest,1
inactive,1
riverbed,1
extraterrestrial,1
resurrect,1
abnormality,1
nonfunctional,1
dogwood,1
defenseless,1
lengthwise,1
reburial,1
buzzer,1
adventurer,1
unnaturally,1
persistence,1
breeze,1
adorn,1
fabric,1
radiometric,1
magellan,1
pavement,1
figuratively,1
lug,1
julius,1
holder,1
superbly,1
immerse,1
timescale,1
consecutive,1
anxiety,1
workmanship,1
corp,1
goulash,1
manipulation,1
mayor,1
cure,1
vicious,1
alder,1
immensely,1
believably,1
continuance,1
cheater,1
breakup,1
landlocked,1
misconception,1
outlook,1
preferentially,1
prompt,1
genuine,1
severity,1
documentarist,1
superabundant,1
broadleaf,1
inflexibly,1
undesert,1
mad,1
neanderthalers,1
astound,1
unwillingness,1
macroscopic,1
hallmark,1
fragmentation,1
revitalize,1
notepad,1
originator,1
arkansas,1
conservatism,1
unfavorably,1
aerial,1
uninspired,1
recipe,1
reflexive,1
copenhagen,1
sharpest,1
luminosity,1
getters,1
southerly,1
verdict,1
alluvial,1
safely,1
hardier,1
outclass,1
oceangoing,1
apology,1
manageable,1
folie,1
canto,1
genetics,1
rodolphe,1
recurrent,1
autobiography,1
precinct,1
dimly,1
sauce,1
aquicludes,1
titanium,1
captain,1
authorize,1
diffuser,1
analytical,1
behaviorally,1
theorem,1
oscillate,1
venic,1
regulator,1
paucity,1
provision,1
softly,1
overwrite,1
rape,1
somethingi,1
cleverness,1
forum,1
identically,1
empress,1
clair,1
adornment,1
jabal,1
incise,1
arguer,1
backyard,1
psychoanalyst,1
favorably,1
uncorrupt,1
busyness,1
showman,1
reuse,1
pelvis,1
anomalocans,1
suspicious,1
relaxation,1
diffusely,1
arboreal,1
sci,1
assertion,1
smarter,1
vantage,1
december,1
cream,1
unto,1
shower,1
ealier,1
naked,1
plaza,1
fabricate,1
therapist,1
basaltic,1
intangible,1
wand,1
turnover,1
temporarily,1
minimization,1
clarity,1
backtrack,1
hawthorn,1
derrick,1
chop,1
default,1
overlook,1
uncarved,1
reradiates,1
microhabitats,1
quicker,1
fictitious,1
cyclic,1
bolt,1
dei,1
presage,1
tariff,1
identifiable,1
allot,1
raccoon,1
clutter,1
indecipherable,1
droppings,1
superorganisms,1
encroach,1
incubate,1
mutualistic,1
systematically,1
overhang,1
stratification,1
scan,1
geochemical,1
nibble,1
neutralize,1
accomplishment,1
cafe,1
choosier,1
lubricant,1
pelage,1
raindrop,1
jawbone,1
disregard,1
institutional,1
submission,1
plural,1
metacognitive,1
deadly,1
cleopatra,1
tonal,1
hesitate,1
turnip,1
damper,1
chemosynthesis,1
transaction,1
fattier,1
alex,1
hah,1
degas,1
backdrop,1
chondros,1
constitutional,1
lautrec,1
epitome,1
mindlessly,1
bead,1
reliant,1
offend,1
racial,1
miniaturization,1
petiole,1
misdeed,1
frenzy,1
beethoven,1
whereby,1
minority,1
fecund,1
cooperatively,1
generalize,1
pouch,1
multimedia,1
schwa,1
hoc,1
chihuahua,1
inauthentic,1
costa,1
enact,1
deborah,1
einkorn,1
romania,1
adore,1
cud,1
waterfront,1
ambassador,1
tressing,1
trauma,1
forefront,1
wettest,1
solemn,1
interdependence,1
nonparticipant,1
stereotypical,1
athletics,1
grimm,1
gravitas,1
repertory,1
holy,1
eject,1
summery,1
recrystallize,1
valkyrie,1
culprit,1
vernacular,1
symmetrically,1
worshipper,1
nominate,1
unravel,1
nero,1
foggy,1
rapport,1
farmstead,1
elitist,1
intentional,1
partway,1
implausible,1
stitch,1
byproduct,1
loner,1
impractical,1
augustus,1
carolina,1
sociolinguistics,1
warmblooded,1
consult,1
noteworthy,1
urbanization,1
consolidation,1
affordability,1
outrigger,1
casual,1
unobtainable,1
dictionary,1
asparagus,1
reradiate,1
hibernation,1
von,1
virtuoso,1
fuss,1
envy,1
slot,1
pueblito,1
weighable,1
verbally,1
turkic,1
amplifier,1
loggerhead,1
coriander,1
hr,1
cylindrical,1
reunite,1
mitigate,1
undocumented,1
mali,1
propellant,1
inquire,1
unfulfilling,1
stabilizer,1
salal,1
fanciful,1
globalization,1
slit,1
truthfulness,1
noorderkwartier,1
kenneth,1
croc,1
emulsion,1
elegant,1
forgetful,1
subtropics,1
responsiveness,1
whence,1
bland,1
kentucky,1
unavailable,1
aspiration,1
definitive,1
fluorescent,1
handy,1
elaine,1
reschedule,1
guilder,1
xenon,1
unused,1
insightful,1
proportional,1
shopper,1
alienate,1
fainter,1
flag,1
exert,1
sculpt,1
misspell,1
perceptive,1
skyscraper,1
subtidal,1
ucko,1
terrify,1
sparrow,1
crush,1
riflebird,1
reciprocate,1
harp,1
shrimplike,1
hasten,1
satire,1
worshiper,1
legally,1
freudian,1
disbelief,1
deafen,1
forebrain,1
befriend,1
fascination,1
glare,1
lighthearted,1
detection,1
coincidence,1
quiver,1
stance,1
mandarin,1
occupational,1
sad,1
sewage,1
adolescence,1
flashy,1
miner,1
rosenfeld,1
permeate,1
predecessor,1
pilgrimage,1
afloat,1
donate,1
scruffy,1
ghostly,1
operational,1
innovate,1
apiece,1
iconography,1
jill,1
fanwise,1
sheryl,1
ralph,1
velvet,1
enforcer,1
choreographer,1
urinate,1
videotape,1
venue,1
mariner,1
larval,1
lettuce,1
inject,1
constantinople,1
fake,1
exportation,1
comstock,1
bold,1
magnetism,1
papermakers,1
nabatean,1
beneficiary,1
waldo,1
exertion,1
byline,1
unfold,1
scary,1
clockwise,1
marshack,1
antagonism,1
peck,1
pylon,1
indie,1
crescent,1
stabilization,1
flute,1
blurry,1
axial,1
hail,1
stacy,1
blane,1
furious,1
trans,1
lifelike,1
headache,1
sticker,1
controvert,1
cante,1
clarke,1
lodge,1
attacker,1
killer,1
flowery,1
proportionately,1
constriction,1
conglomerate,1
amusement,1
forager,1
almond,1
journalist,1
eastward,1
ethnology,1
leslie,1
critique,1
solidly,1
pain,1
ankle,1
entangle,1
conformist,1
fixation,1
wisely,1
entrench,1
unproductive,1
myxoma,1
profitably,1
sleeper,1
alumnus,1
atkin,1
unpainted,1
bulla,1
miscalculate,1
puppy,1
andalusian,1
adverse,1
ding,1
homo,1
manifestation,1
prolific,1
outlast,1
riverbank,1
shout,1
haskell,1
repurposed,1
equation,1
dusty,1
tour,1
guidance,1
celestial,1
paleobiologists,1
directional,1
al,1
normative,1
goddess,1
intent,1
nobility,1
episodic,1
downstairs,1
maneuver,1
dispense,1
mundane,1
comical,1
deserve,1
delft,1
makeshift,1
uneducated,1
gymnastic,1
francis,1
emu,1
contemplative,1
forger,1
weii,1
sonar,1
seaward,1
caribou,1
philippe,1
empathy,1
bath,1
optimize,1
meaningless,1
unwise,1
infinitely,1
hoe,1
lengthen,1
gluck,1
repel,1
johann,1
disadvantageous,1
revelation,1
isaac,1
emigrate,1
recreation,1
tenant,1
diagnostic,1
roosevelt,1
sheaffer,1
bushy,1
royalty,1
ptolemaic,1
waken,1
jaworski,1
workday,1
clinically,1
punctuation,1
subsoil,1
brusquely,1
marketer,1
airport,1
discernable,1
speckle,1
purge,1
resell,1
deem,1
heal,1
parish,1
counterproductive,1
timely,1
withdrawal,1
maximally,1
swampy,1
shroud,1
imaginary,1
alliance,1
plight,1
ce,1
unmistakable,1
repay,1
negligible,1
vigil,1
romeo,1
unequal,1
electro,1
cuneus,1
compensation,1
suzane,1
politically,1
agitation,1
gradualists,1
sergei,1
easiest,1
marginal,1
emtion,1
unresolved,1
archway,1
abrabian,1
sick,1
tougher,1
feasibility,1
thoughtfully,1
hoof,1
sod,1
squeal,1
fluidized,1
puff,1
dale,1
glyphosphate,1
suffice,1
conviction,1
allure,1
supervision,1
wilkins,1
litter,1
crevasse,1
labyrinth,1
germanium,1
diagonal,1
knock,1
pragmatic,1
overheat,1
pathology,1
charm,1
microgravimetric,1
vizier,1
nevada,1
cavalry,1
ruminate,1
topographic,1
sow,1
ambition,1
diploma,1
resaurants,1
wrist,1
peacefully,1
visitation,1
shrinkage,1
treatise,1
clain,1
irreversible,1
semantics,1
legitimate,1
rumor,1
piecework,1
virtual,1
pendulous,1
infringe,1
prowess,1
taproot,1
debt,1
sago,1
merrily,1
uneventful,1
beemster,1
dare,1
toehold,1
pulp,1
implicate,1
imperfect,1
irregularly,1
instill,1
lemon,1
tedious,1
peddler,1
landsman,1
academically,1
jade,1
unimproved,1
biologically,1
index,1
understatement,1
exhaustive,1
rename,1
keywords,1
loudest,1
snowdrift,1
tutelage,1
phenomenal,1
upland,1
drench,1
dung,1
leafier,1
emergency,1
mechanically,1
peanut,1
lethal,1
multiplication,1
plush,1
hornbill,1
legwork,1
irresistible,1
liz,1
henri,1
harken,1
debatable,1
conditioner,1
resourceful,1
deformity,1
tibbits,1
rattle,1
nobleman,1
fertilization,1
fragrance,1
transient,1
gargas,1
footstep,1
snack,1
southernmost,1
smelter,1
prop,1
flesh,1
uncompetitive,1
submarine,1
grande,1
sinuous,1
relocation,1
dull,1
portably,1
commercialize,1
reckon,1
civilian,1
wedge,1
liken,1
dickson,1
socialization,1
pivotal,1
bradford,1
anthropologically,1
anxious,1
ridiculous,1
shortwave,1
comesan,1
majestically,1
nea,1
croplands,1
eradication,1
populous,1
summit,1
riddle,1
edmund,1
awe,1
regularize,1
gothic,1
imitator,1
yarn,1
sarcasm,1
predispose,1
stainless,1
patty,1
cerebral,1
handers,1
exoskeleton,1
exhaustion,1
northerly,1
infusion,1
nilli,1
digitally,1
complement,1
indistinct,1
stravinsky,1
un,1
mainstream,1
totemism,1
hows,1
outwit,1
traverse,1
explanatory,1
rootle,1
eland,1
harpsichordist,1
unleash,1
emm,1
iii,1
whomever,1
illiteracy,1
turnaround,1
lumiere,1
meisel,1
abrasion,1
caesar,1
ruffle,1
arizona,1
bulldozer,1
uncooperative,1
rhythmically,1
coordination,1
rooftop,1
quasi,1
imperative,1
soupy,1
pesticide,1
rod,1
counsel,1
locale,1
liver,1
pretreat,1
intuitive,1
whatsoever,1
structurally,1
consultant,1
dwindle,1
picturesquely,1
salary,1
pieta,1
continuator,1
ruth,1
yukon,1
beef,1
ecologically,1
oops,1
bce,1
upwards,1
conflate,1
retraction,1
buoyancy,1
corvidae,1
restart,1
insure,1
kate,1
mhmm,1
bravery,1
co,1
bowring,1
carnival,1
inunadate,1
unstoppable,1
makalu,1
rig,1
comic,1
consulate,1
perpetually,1
evidently,1
sidewalk,1
hayward,1
tallow,1
trieste,1
mussorgsky,1
pulverization,1
lobe,1
fleck,1
curator,1
lavishly,1
subset,1
geophysicist,1
kayak,1
ya,1
conservatory,1
deglaciated,1
unsolidified,1
dump,1
bothersome,1
birthday,1
unplanted,1
enamor,1
anderson,1
tiptoe,1
wool,1
stark,1
universality,1
baroque,1
unforeseen,1
sleek,1
ethiopia,1
initiative,1
whiten,1
nonruminant,1
famers,1
potemkin,1
captive,1
walkway,1
audiovisual,1
missouri,1
execute,1
habilis,1
firsthand,1
usage,1
lawyer,1
bather,1
bleed,1
undamaged,1
pomegranate,1
hopefully,1
butt,1
multicolored,1
removable,1
incent,1
dishabituate,1
rica,1
supposition,1
derivative,1
preparedness,1
verification,1
buiding,1
contemplation,1
triple,1
heyday,1
boiler,1
thief,1
incomprehensible,1
righthander,1
distasteful,1
thompson,1
phylogenetic,1
foresight,1
epistle,1
continuum,1
unchangeable,1
headway,1
dungeness,1
greenness,1
pet,1
baker,1
intercommunity,1
follower,1
penetration,1
martin,1
ellen,1
grape,1
oarsman,1
portraitist,1
romanize,1
misbehave,1
necrosis,1
zeichner,1
endorse,1
torrey,1
hotly,1
basement,1
hygienic,1
irregularity,1
upriver,1
thanksgiving,1
covert,1
terminology,1
eradicate,1
insecure,1
preen,1
asymmetrical,1
paleozoic,1
diseased,1
marshal,1
treasure,1
squash,1
beak,1
vaguely,1
wholeness,1
incur,1
waling,1
informational,1
og,1
organismal,1
juvenile,1
nocturnal,1
dependency,1
undergrad,1
fragrant,1
patriotic,1
laser,1
hydrodynamic,1
tow,1
interrelationship,1
redo,1
cedar,1
farthest,1
pitfall,1
impure,1
helius,1
voluminous,1
exponential,1
carter,1
wolfgang,1
county,1
multilingual,1
appal,1
aster,1
governmental,1
fierce,1
radiant,1
mistrust,1
ann,1
wasteful,1
furnish,1
grip,1
housefly,1
bucket,1
jerky,1
wage,1
rust,1
intervene,1
unprocessed,1
biblical,1
berg,1
tidy,1
seagoing,1
brood,1
gaslit,1
heinrich,1
humor,1
conceptualize,1
oversight,1
buechner,1
attila,1
philipp,1
navy,1
semiprecious,1
foraminifer,1
joe,1
miraculous,1
plasterwork,1
vicky,1
mushroom,1
y,1
unintended,1
deadliest,1
subspecies,1
responsive,1
violinist,1
periodization,1
bean,1
spectrograph,1
bioluminescent,1
phosphorescence,1
shot,1
metropolitan,1
lifeways,1
crown,1
ideologically,1
indefensibly,1
turkistan,1
deck,1
innate,1
revealingly,1
roger,1
testify,1
khufu,1
healthful,1
assortment,1
verbalizable,1
pierre,1
brad,1
improvisational,1
illiterate,1
thankfully,1
turk,1
princess,1
bureaucratic,1
inorganic,1
asset,1
scoop,1
yea,1
jones,1
haiti,1
grader,1
helplessly,1
redesign,1
rhythmical,1
greco,1
elusive,1
ninth,1
congratulation,1
stagecraft,1
selfishness,1
quiz,1
indoor,1
intergranular,1
spurge,1
henan,1
greatness,1
streambed,1
tradespeople,1
noisemaking,1
ethnomusicologist,1
taut,1
unsuspected,1
kline,1
reykjavik,1
retard,1
starlike,1
ascribe,1
fibrous,1
unequaled,1
hmmm,1
commercialization,1
recap,1
concurrent,1
inclusive,1
dreaminess,1
victor,1
desirability,1
meteorology,1
playwriting,1
reluctantly,1
restlessness,1
agriculturally,1
vogue,1
portrayal,1
lateness,1
swimmer,1
curly,1
stoma,1
nightmare,1
neon,1
motive,1
tiniest,1
judicial,1
plantation,1
archer,1
departmental,1
barrel,1
spawn,1
academia,1
unassignable,1
bottlenose,1
ideological,1
subconsciously,1
interbedded,1
shorebird,1
ostentatious,1
destine,1
hamper,1
susie,1
sandra,1
fork,1
wallace,1
hometown,1
dirtier,1
larynx,1
stab,1
invariably,1
kerosene,1
congenital,1
colosseum,1
vat,1
irresponsibly,1
aitken,1
invisibly,1
redefine,1
landslip,1
strive,1
nephew,1
citizenship,1
breast,1
micronutrient,1
accessibility,1
foreseeable,1
deluge,1
strut,1
buff,1
disaffection,1
daydream,1
theodore,1
appropriately,1
parameter,1
vitality,1
accessory,1
abbreviate,1
atkins,1
disguise,1
bass,1
outdo,1
seriousness,1
mystique,1
jag,1
armenia,1
residue,1
redistribution,1
peep,1
triangle,1
impressively,1
madder,1
obedience,1
paintwork,1
activate,1
polo,1
query,1
stratify,1
cannon,1
verona,1
duplication,1
reintroduce,1
trash,1
programme,1
evade,1
hebei,1
admirer,1
unregulated,1
honey,1
dumb,1
workspace,1
marco,1
sole,1
democracy,1
devotion,1
nonmigratory,1
latham,1
outpost,1
grid,1
remainder,1
obstruction,1
controllable,1
casually,1
plaque,1
cuticle,1
recitativo,1
bingo,1
goer,1
selectively,1
peg,1
disappoint,1
zillion,1
decease,1
fryer,1
utah,1
seafood,1
rigorously,1
resonance,1
undo,1
abrasive,1
swift,1
dramatize,1
bout,1
ghana,1
ameliorate,1
hallway,1
aggregation,1
redwing,1
gesture,1
objectify,1
scot,1
repercussion,1
cotswold,1
guardian,1
tangle,1
warehouse,1
indistinguishable,1
miohippus,1
pervious,1
smash,1
outrun,1
customize,1
sadly,1
mow,1
deflect,1
lithograph,1
aria,1
intimately,1
residual,1
mudstones,1
morphological,1
fume,1
orogeny,1
uphold,1
gainsborough,1
stagnate,1
urn,1
descent,1
collaborative,1
compilation,1
hardeniana,1
multivoiced,1
bargain,1
mastery,1
coniferous,1
undefined,1
simpson,1
electrocute,1
artsy,1
grandeur,1
ticket,1
herbivorous,1
jerry,1
hesitation,1
annoy,1
powerfully,1
affluence,1
incidence,1
chile,1
joy,1
outnumber,1
preferential,1
pension,1
fatal,1
eidothea,1
protract,1
afghanistan,1
ambiguity,1
workload,1
buster,1
misleadingness,1
sixtyfold,1
cd,1
kinship,1
growl,1
fairground,1
continual,1
spew,1
delete,1
ornamentation,1
lubricate,1
staple,1
scholarly,1
imperceptibly,1
narrate,1
nitrate,1
dimetho,1
chocolate,1
torrid,1
mystify,1
christian,1
understandably,1
afterlife,1
elevate,1
tunic,1
unglaciated,1
tahiti,1
feud,1
samarqand,1
increment,1
exponentially,1
monastery,1
supplemental,1
sterile,1
spectroscopic,1
steer,1
cyrus,1
redistribute,1
cordilleran,1
wad,1
mannered,1
semicircular,1
fiddler,1
oblige,1
bering,1
storey,1
excruciate,1
entice,1
vicissitude,1
afar,1
timeline,1
ultra,1
reevaluate,1
pliocene,1
discontent,1
impurity,1
reassemble,1
faur��,1
fission,1
sandbar,1
balsa,1
lapis,1
lid,1
westinghouse,1
breakage,1
farsighted,1
entrepreneurial,1
unselective,1
intently,1
tile,1
renowned,1
procure,1
misfortune,1
andree,1
camerata,1
demonstrator,1
pad,1
proficient,1
oscillation,1
coltrane,1
hander,1
hungrier,1
curb,1
overemphasize,1
tennis,1
disposable,1
denounce,1
cake,1
reorganize,1
thinly,1
convenience,1
sigmund,1
enterprise,1
privacy,1
sage,1
visibility,1
greet,1
windblown,1
exterminate,1
ping,1
moldy,1
proliferate,1
socioeconomic,1
aggravate,1
absenteeism,1
happily,1
ocher,1
relativity,1
cremona,1
tackle,1
asphalt,1
fradmark,1
deprecate,1
delight,1
woodlot,1
gordin,1
confer,1
watertight,1
rockies,1
counteract,1
franzten,1
arabia,1
intergovernmental,1
stretcher,1
eyre,1
walter,1
magnet,1
fallout,1
demean,1
chopin,1
oxisols,1
foolish,1
flanders,1
forscreen,1
quickest,1
peer,1
moonlight,1
bemoan,1
akin,1
richness,1
occupant,1
thousandth,1
underlighting,1
lawn,1
tunnel,1
batch,1
counterexample,1
interactive,1
influx,1
restrain,1
chiefdoms,1
laurentide,1
reunion,1
adviser,1
unbiased,1
unintentional,1
rarest,1
diviner,1
stint,1
impart,1
com,1
dissatisfaction,1
valve,1
customary,1
quina,1
mobilize,1
vibrant,1
torpor,1
discoverer,1
deviation,1
invisibility,1
gem,1
franklin,1
aeroponics,1
changeable,1
authentic,1
syntax,1
boot,1
spartan,1
wrestle,1
chandelier,1
fool,1
pushy,1
punish,1
literarily,1
cello,1
divine,1
debug,1
windstorm,1
aural,1
negev,1
sleepiness,1
bowel,1
careless,1
bake,1
constrict,1
colonist,1
shoebox,1
flagpole,1
vertically,1
rally,1
lf,1
pink,1
synonymous,1
factual,1
encircle,1
commemorate,1
kiwi,1
outstanding,1
ounce,1
accountant,1
maneuverable,1
purity,1
healthiest,1
bliss,1
denominator,1
taiking,1
dong,1
troll,1
awkwardness,1
commentary,1
horticulturalists,1
gook,1
validity,1
utilization,1
kent,1
koobi,1
milkweed,1
incompletely,1
ultrasonic,1
yourselves,1
gymnospermous,1
rage,1
sloth,1
footprint,1
incompatibility,1
whitewares,1
ours,1
sandwich,1
grapple,1
slat,1
thatyou,1
chilly,1
repetitious,1
laugh,1
citation,1
snapper,1
presume,1
toothed,1
vulnerability,1
imprisonment,1
playfulness,1
presidential,1
jelleyfish,1
hamilton,1
meatier,1
intermittent,1
spectroscope,1
discouragement,1
graphical,1
ceaselessly,1
mandrake,1
stricter,1
cougar,1
distrust,1
billboard,1
cavern,1
immersion,1
smear,1
terminate,1
vocalize,1
enliven,1
talented,1
er,1
refrozen,1
trawl,1
overrun,1
comen,1
contributor,1
gibbon,1
toothless,1
upstate,1
alga,1
catalyst,1
catchment,1
belladonna,1
pave,1
appreciably,1
blacken,1
rotten,1
vascular,1
census,1
fullness,1
beautifully,1
steve,1
ostracize,1
arouse,1
validate,1
refrigerant,1
saxon,1
fingerboard,1
election,1
minuscule,1
ubiquitous,1
premiere,1
governance,1
ferocious,1
hospitalize,1
decentralization,1
coldest,1
cloak,1
responsibly,1
bureaucrat,1
londoner,1
opus,1
laissez,1
unexploited,1
debbie,1
impend,1
architecturally,1
unreal,1
abbasid,1
pork,1
plentifully,1
caliber,1
repopulate,1
privately,1
implicitly,1
impersonation,1
thailand,1
nutmeg,1
credence,1
infinitesimally,1
adoption,1
forgetfulness,1
genotype,1
fungal,1
prostrate,1
coexistence,1
tressed,1
potemkirf,1
planktonic,1
homogeneous,1
impenetrable,1
foresightedness,1
bulky,1
unwittingly,1
gravitation,1
coincidently,1
entwine,1
edifice,1
duet,1
cabbage,1
storefront,1
readjust,1
problematic,1
esteem,1
keyword,1
allo,1
hostility,1
assess,1
unrest,1
contributory,1
monologue,1
mesonychids,1
cellist,1
morton,1
overexposure,1
ovary,1
cobble,1
topple,1
commonest,1
greedy,1
shepherd,1
mite,1
telegraph,1
toulouse,1
springtime,1
healer,1
ht,1
laptop,1
inveterately,1
patricia,1
complication,1
silhouette,1
quicksand,1
tentacle,1
heroic,1
amplify,1
democratization,1
shoulder,1
applicable,1
closeness,1
suddenness,1
ooo,1
swerve,1
regrettable,1
unpredictably,1
prominence,1
adequacy,1
antecedent,1
incongruous,1
fledgling,1
hurricane,1
petal,1
nonplay,1
turbo,1
reassurance,1
detective,1
avoidance,1
bun,1
massif,1
reportedly,1
vanuatu,1
evapotranspiration,1
receptiveness,1
unsupported,1
scant,1
unsophisticated,1
flowerbed,1
egocentric,1
september,1
concoct,1
sect,1
shrink,1
lignin,1
blog,1
quartet,1
desiccation,1
synaptic,1
luxurious,1
woodville,1
consistency,1
berg��re,1
savvy,1
lare,1
disconnect,1
magi,1
debussy,1
canny,1
affinity,1
transverse,1
dmitry,1
habitual,1
fingerprint,1
ambulocetusnatans,1
imperialism,1
alison,1
untouched,1
ellington,1
overthrow,1
utterly,1
snowball,1
unfocused,1
pantomimic,1
intellectually,1
dilute,1
int,1
diary,1
grateful,1
characteristically,1
barracuda,1
iike,1
angularity,1
pane,1
quill,1
zeeland,1
grotto,1
venezuela,1
invariable,1
unproven,1
jack,1
handful,1
magnitude,1
oxfordshire,1
cohesiveness,1
inter,1
foundationalists,1
rigor,1
neurological,1
woolen,1
taro,1
meaningfully,1
auguste,1
racquetball,1
analogue,1
reread,1
damp,1
unheard,1
viscera,1
marginally,1
expansionist,1
extrinsically,1
softer,1
unbreakable,1
thrill,1
angry,1
nouveau,1
fabulous,1
synthesis,1
applause,1
enrol,1
watershed,1
glide,1
giraffe,1
intestine,1
aromatic,1
busywork,1
imaginery,1
coherent,1
heredity,1
detour,1
waterfall,1
trim,1
sway,1
dennis,1
pity,1
imperil,1
twofold,1
graceful,1
gettys,1
kangaroo,1
dubliner,1
fen,1
achievable,1
bio,1
intruder,1
wrinkle,1
oceanographic,1
broadest,1
basket,1
paw,1
unexplored,1
steeply,1
liquefy,1
correction,1
recess,1
supermarket,1
attractively,1
madamex,1
disproportionate,1
lyrica,1
subway,1
collage,1
yearly,1
linen,1
subtlety,1
handmade,1
counterbalance,1
melanie,1
november,1
beside,1
mediate,1
tortuous,1
somerset,1
stretchy,1
expire,1
whichever,1
blake,1
shipwreck,1
presumable,1
observance,1
skillful,1
sulphur,1
discolor,1
receptive,1
helpless,1
squeak,1
avalanche,1
peek,1
carpenter,1
telltale,1
glasgow,1
stool,1
acrobatics,1
perspire,1
oviraptors,1
uncharted,1
chronobiology,1
largin,1
familiarize,1
exemplary,1
dual,1
survivorship,1
landrea,1
monstrous,1
brinker,1
proteous,1
singly,1
unspecified,1
soul,1
